,day_num,place,product,price
0,1,Анор Лондо,Целебные травы,13.73
1,2,Анор Лондо,Целебные травы,13.73
2,3,Анор Лондо,Целебные травы,13.73
3,4,Анор Лондо,Целебные травы,13.8
4,5,Анор Лондо,Целебные травы,13.8
5,6,Анор Лондо,Целебные травы,13.8
6,7,Анор Лондо,Целебные травы,13.84
7,8,Анор Лондо,Целебные травы,13.84
8,9,Анор Лондо,Целебные травы,13.84
9,10,Анор Лондо,Целебные травы,13.88
10,11,Анор Лондо,Целебные травы,13.88
11,12,Анор Лондо,Целебные травы,13.88
12,13,Анор Лондо,Целебные травы,13.91
13,14,Анор Лондо,Целебные травы,13.91
14,15,Анор Лондо,Целебные травы,13.91
15,16,Анор Лондо,Целебные травы,13.91
16,17,Анор Лондо,Целебные травы,13.91
17,18,Анор Лондо,Целебные травы,13.91
18,19,Анор Лондо,Целебные травы,13.96
19,20,Анор Лондо,Целебные травы,13.96
20,21,Анор Лондо,Целебные травы,13.96
21,22,Анор Лондо,Целебные травы,14.05
22,23,Анор Лондо,Целебные травы,14.05
23,24,Анор Лондо,Целебные травы,14.05
24,25,Анор Лондо,Целебные травы,14.12
25,26,Анор Лондо,Целебные травы,14.12
26,27,Анор Лондо,Целебные травы,14.12
27,28,Анор Лондо,Целебные травы,14.15
28,29,Анор Лондо,Целебные травы,14.15
29,30,Анор Лондо,Целебные травы,14.15
30,31,Анор Лондо,Целебные травы,14.19
31,32,Анор Лондо,Целебные травы,14.19
32,33,Анор Лондо,Целебные травы,14.19
33,34,Анор Лондо,Целебные травы,14.23
34,35,Анор Лондо,Целебные травы,14.23
35,36,Анор Лондо,Целебные травы,14.23
36,37,Анор Лондо,Целебные травы,14.27
37,38,Анор Лондо,Целебные травы,14.27
38,39,Анор Лондо,Целебные травы,14.27
39,40,Анор Лондо,Целебные травы,14.31
40,41,Анор Лондо,Целебные травы,14.31
41,42,Анор Лондо,Целебные травы,14.31
42,43,Анор Лондо,Целебные травы,14.34
43,44,Анор Лондо,Целебные травы,14.34
44,45,Анор Лондо,Целебные травы,14.34
45,46,Анор Лондо,Целебные травы,14.39
46,47,Анор Лондо,Целебные травы,14.39
47,48,Анор Лондо,Целебные травы,14.39
48,49,Анор Лондо,Целебные травы,14.45
49,50,Анор Лондо,Целебные травы,14.45
50,51,Анор Лондо,Целебные травы,14.45
51,52,Анор Лондо,Целебные травы,14.48
52,53,Анор Лондо,Целебные травы,14.48
53,54,Анор Лондо,Целебные травы,14.48
54,55,Анор Лондо,Целебные травы,14.51
55,56,Анор Лондо,Целебные травы,14.51
56,57,Анор Лондо,Целебные травы,14.51
57,58,Анор Лондо,Целебные травы,14.56
58,59,Анор Лондо,Целебные травы,14.56
59,60,Анор Лондо,Целебные травы,14.56
60,61,Анор Лондо,Целебные травы,14.59
61,62,Анор Лондо,Целебные травы,14.59
62,63,Анор Лондо,Целебные травы,14.59
63,64,Анор Лондо,Целебные травы,14.63
64,65,Анор Лондо,Целебные травы,14.63
65,66,Анор Лондо,Целебные травы,14.63
66,67,Анор Лондо,Целебные травы,14.69
67,68,Анор Лондо,Целебные травы,14.69
68,69,Анор Лондо,Целебные травы,14.69
69,70,Анор Лондо,Целебные травы,14.73
70,71,Анор Лондо,Целебные травы,14.73
71,72,Анор Лондо,Целебные травы,14.73
72,73,Анор Лондо,Целебные травы,14.78
73,74,Анор Лондо,Целебные травы,14.78
74,75,Анор Лондо,Целебные травы,14.78
75,76,Анор Лондо,Целебные травы,14.81
76,77,Анор Лондо,Целебные травы,14.81
77,78,Анор Лондо,Целебные травы,14.81
78,79,Анор Лондо,Целебные травы,14.83
79,80,Анор Лондо,Целебные травы,14.83
80,81,Анор Лондо,Целебные травы,14.83
81,82,Анор Лондо,Целебные травы,14.86
82,83,Анор Лондо,Целебные травы,14.86
83,84,Анор Лондо,Целебные травы,14.86
84,85,Анор Лондо,Целебные травы,14.88
85,86,Анор Лондо,Целебные травы,14.88
86,87,Анор Лондо,Целебные травы,14.88
87,88,Анор Лондо,Целебные травы,14.92
88,89,Анор Лондо,Целебные травы,14.92
89,90,Анор Лондо,Целебные травы,14.92
0,1,Анор Лондо,Эльфийская пыльца,13.73
1,2,Анор Лондо,Эльфийская пыльца,13.73
2,3,Анор Лондо,Эльфийская пыльца,13.73
3,4,Анор Лондо,Эльфийская пыльца,13.8
4,5,Анор Лондо,Эльфийская пыльца,13.8
5,6,Анор Лондо,Эльфийская пыльца,13.8
6,7,Анор Лондо,Эльфийская пыльца,13.84
7,8,Анор Лондо,Эльфийская пыльца,13.84
8,9,Анор Лондо,Эльфийская пыльца,13.84
9,10,Анор Лондо,Эльфийская пыльца,13.88
10,11,Анор Лондо,Эльфийская пыльца,13.88
11,12,Анор Лондо,Эльфийская пыльца,13.88
12,13,Анор Лондо,Эльфийская пыльца,13.91
13,14,Анор Лондо,Эльфийская пыльца,13.91
14,15,Анор Лондо,Эльфийская пыльца,13.91
15,16,Анор Лондо,Эльфийская пыльца,13.91
16,17,Анор Лондо,Эльфийская пыльца,13.91
17,18,Анор Лондо,Эльфийская пыльца,13.91
18,19,Анор Лондо,Эльфийская пыльца,13.96
19,20,Анор Лондо,Эльфийская пыльца,13.96
20,21,Анор Лондо,Эльфийская пыльца,13.96
21,22,Анор Лондо,Эльфийская пыльца,14.05
22,23,Анор Лондо,Эльфийская пыльца,14.05
23,24,Анор Лондо,Эльфийская пыльца,14.05
24,25,Анор Лондо,Эльфийская пыльца,14.12
25,26,Анор Лондо,Эльфийская пыльца,14.12
26,27,Анор Лондо,Эльфийская пыльца,14.12
27,28,Анор Лондо,Эльфийская пыльца,14.15
28,29,Анор Лондо,Эльфийская пыльца,14.15
29,30,Анор Лондо,Эльфийская пыльца,14.15
30,31,Анор Лондо,Эльфийская пыльца,14.19
31,32,Анор Лондо,Эльфийская пыльца,14.19
32,33,Анор Лондо,Эльфийская пыльца,14.19
33,34,Анор Лондо,Эльфийская пыльца,14.23
34,35,Анор Лондо,Эльфийская пыльца,14.23
35,36,Анор Лондо,Эльфийская пыльца,14.23
36,37,Анор Лондо,Эльфийская пыльца,14.27
37,38,Анор Лондо,Эльфийская пыльца,14.27
38,39,Анор Лондо,Эльфийская пыльца,14.27
39,40,Анор Лондо,Эльфийская пыльца,14.31
40,41,Анор Лондо,Эльфийская пыльца,14.31
41,42,Анор Лондо,Эльфийская пыльца,14.31
42,43,Анор Лондо,Эльфийская пыльца,14.34
43,44,Анор Лондо,Эльфийская пыльца,14.34
44,45,Анор Лондо,Эльфийская пыльца,14.34
45,46,Анор Лондо,Эльфийская пыльца,14.39
46,47,Анор Лондо,Эльфийская пыльца,14.39
47,48,Анор Лондо,Эльфийская пыльца,14.39
48,49,Анор Лондо,Эльфийская пыльца,14.45
49,50,Анор Лондо,Эльфийская пыльца,14.45
50,51,Анор Лондо,Эльфийская пыльца,14.45
51,52,Анор Лондо,Эльфийская пыльца,14.48
52,53,Анор Лондо,Эльфийская пыльца,14.48
53,54,Анор Лондо,Эльфийская пыльца,14.48
54,55,Анор Лондо,Эльфийская пыльца,14.51
55,56,Анор Лондо,Эльфийская пыльца,14.51
56,57,Анор Лондо,Эльфийская пыльца,14.51
57,58,Анор Лондо,Эльфийская пыльца,14.56
58,59,Анор Лондо,Эльфийская пыльца,14.56
59,60,Анор Лондо,Эльфийская пыльца,14.56
60,61,Анор Лондо,Эльфийская пыльца,14.59
61,62,Анор Лондо,Эльфийская пыльца,14.59
62,63,Анор Лондо,Эльфийская пыльца,14.59
63,64,Анор Лондо,Эльфийская пыльца,14.63
64,65,Анор Лондо,Эльфийская пыльца,14.63
65,66,Анор Лондо,Эльфийская пыльца,14.63
66,67,Анор Лондо,Эльфийская пыльца,14.69
67,68,Анор Лондо,Эльфийская пыльца,14.69
68,69,Анор Лондо,Эльфийская пыльца,14.69
69,70,Анор Лондо,Эльфийская пыльца,14.73
70,71,Анор Лондо,Эльфийская пыльца,14.73
71,72,Анор Лондо,Эльфийская пыльца,14.73
72,73,Анор Лондо,Эльфийская пыльца,14.78
73,74,Анор Лондо,Эльфийская пыльца,14.78
74,75,Анор Лондо,Эльфийская пыльца,14.78
75,76,Анор Лондо,Эльфийская пыльца,14.81
76,77,Анор Лондо,Эльфийская пыльца,14.81
77,78,Анор Лондо,Эльфийская пыльца,14.81
78,79,Анор Лондо,Эльфийская пыльца,14.83
79,80,Анор Лондо,Эльфийская пыльца,14.83
80,81,Анор Лондо,Эльфийская пыльца,14.83
81,82,Анор Лондо,Эльфийская пыльца,14.86
82,83,Анор Лондо,Эльфийская пыльца,14.86
83,84,Анор Лондо,Эльфийская пыльца,14.86
84,85,Анор Лондо,Эльфийская пыльца,14.88
85,86,Анор Лондо,Эльфийская пыльца,14.88
86,87,Анор Лондо,Эльфийская пыльца,14.88
87,88,Анор Лондо,Эльфийская пыльца,14.92
88,89,Анор Лондо,Эльфийская пыльца,14.92
89,90,Анор Лондо,Эльфийская пыльца,14.92
0,1,Анор Лондо,Эстус,13.73
1,2,Анор Лондо,Эстус,13.73
2,3,Анор Лондо,Эстус,13.73
3,4,Анор Лондо,Эстус,13.8
4,5,Анор Лондо,Эстус,13.8
5,6,Анор Лондо,Эстус,13.8
6,7,Анор Лондо,Эстус,13.84
7,8,Анор Лондо,Эстус,13.84
8,9,Анор Лондо,Эстус,13.84
9,10,Анор Лондо,Эстус,13.88
10,11,Анор Лондо,Эстус,13.88
11,12,Анор Лондо,Эстус,13.88
12,13,Анор Лондо,Эстус,13.91
13,14,Анор Лондо,Эстус,13.91
14,15,Анор Лондо,Эстус,13.91
15,16,Анор Лондо,Эстус,13.91
16,17,Анор Лондо,Эстус,13.91
17,18,Анор Лондо,Эстус,13.91
18,19,Анор Лондо,Эстус,13.96
19,20,Анор Лондо,Эстус,13.96
20,21,Анор Лондо,Эстус,13.96
21,22,Анор Лондо,Эстус,14.05
22,23,Анор Лондо,Эстус,14.05
23,24,Анор Лондо,Эстус,14.05
24,25,Анор Лондо,Эстус,14.12
25,26,Анор Лондо,Эстус,14.12
26,27,Анор Лондо,Эстус,14.12
27,28,Анор Лондо,Эстус,14.15
28,29,Анор Лондо,Эстус,14.15
29,30,Анор Лондо,Эстус,14.15
30,31,Анор Лондо,Эстус,14.19
31,32,Анор Лондо,Эстус,14.19
32,33,Анор Лондо,Эстус,14.19
33,34,Анор Лондо,Эстус,14.23
34,35,Анор Лондо,Эстус,14.23
35,36,Анор Лондо,Эстус,14.23
36,37,Анор Лондо,Эстус,14.27
37,38,Анор Лондо,Эстус,14.27
38,39,Анор Лондо,Эстус,14.27
39,40,Анор Лондо,Эстус,14.31
40,41,Анор Лондо,Эстус,14.31
41,42,Анор Лондо,Эстус,14.31
42,43,Анор Лондо,Эстус,14.34
43,44,Анор Лондо,Эстус,14.34
44,45,Анор Лондо,Эстус,14.34
45,46,Анор Лондо,Эстус,14.39
46,47,Анор Лондо,Эстус,14.39
47,48,Анор Лондо,Эстус,14.39
48,49,Анор Лондо,Эстус,14.45
49,50,Анор Лондо,Эстус,14.45
50,51,Анор Лондо,Эстус,14.45
51,52,Анор Лондо,Эстус,14.48
52,53,Анор Лондо,Эстус,14.48
53,54,Анор Лондо,Эстус,14.48
54,55,Анор Лондо,Эстус,14.51
55,56,Анор Лондо,Эстус,14.51
56,57,Анор Лондо,Эстус,14.51
57,58,Анор Лондо,Эстус,14.56
58,59,Анор Лондо,Эстус,14.56
59,60,Анор Лондо,Эстус,14.56
60,61,Анор Лондо,Эстус,14.59
61,62,Анор Лондо,Эстус,14.59
62,63,Анор Лондо,Эстус,14.59
63,64,Анор Лондо,Эстус,14.63
64,65,Анор Лондо,Эстус,14.63
65,66,Анор Лондо,Эстус,14.63
66,67,Анор Лондо,Эстус,14.69
67,68,Анор Лондо,Эстус,14.69
68,69,Анор Лондо,Эстус,14.69
69,70,Анор Лондо,Эстус,14.73
70,71,Анор Лондо,Эстус,14.73
71,72,Анор Лондо,Эстус,14.73
72,73,Анор Лондо,Эстус,14.78
73,74,Анор Лондо,Эстус,14.78
74,75,Анор Лондо,Эстус,14.78
75,76,Анор Лондо,Эстус,14.81
76,77,Анор Лондо,Эстус,14.81
77,78,Анор Лондо,Эстус,14.81
78,79,Анор Лондо,Эстус,14.83
79,80,Анор Лондо,Эстус,14.83
80,81,Анор Лондо,Эстус,14.83
81,82,Анор Лондо,Эстус,14.86
82,83,Анор Лондо,Эстус,14.86
83,84,Анор Лондо,Эстус,14.86
84,85,Анор Лондо,Эстус,14.88
85,86,Анор Лондо,Эстус,14.88
86,87,Анор Лондо,Эстус,14.88
87,88,Анор Лондо,Эстус,14.92
88,89,Анор Лондо,Эстус,14.92
89,90,Анор Лондо,Эстус,14.92
0,1,Врата Балдура,Целебные травы,13.73
1,2,Врата Балдура,Целебные травы,13.73
2,3,Врата Балдура,Целебные травы,13.73
3,4,Врата Балдура,Целебные травы,13.8
4,5,Врата Балдура,Целебные травы,13.8
5,6,Врата Балдура,Целебные травы,13.8
6,7,Врата Балдура,Целебные травы,13.84
7,8,Врата Балдура,Целебные травы,13.84
8,9,Врата Балдура,Целебные травы,13.84
9,10,Врата Балдура,Целебные травы,13.88
10,11,Врата Балдура,Целебные травы,13.88
11,12,Врата Балдура,Целебные травы,13.88
12,13,Врата Балдура,Целебные травы,13.91
13,14,Врата Балдура,Целебные травы,13.91
14,15,Врата Балдура,Целебные травы,13.91
15,16,Врата Балдура,Целебные травы,13.91
16,17,Врата Балдура,Целебные травы,13.91
17,18,Врата Балдура,Целебные травы,13.91
18,19,Врата Балдура,Целебные травы,13.96
19,20,Врата Балдура,Целебные травы,13.96
20,21,Врата Балдура,Целебные травы,13.96
21,22,Врата Балдура,Целебные травы,14.05
22,23,Врата Балдура,Целебные травы,14.05
23,24,Врата Балдура,Целебные травы,14.05
24,25,Врата Балдура,Целебные травы,14.12
25,26,Врата Балдура,Целебные травы,14.12
26,27,Врата Балдура,Целебные травы,14.12
27,28,Врата Балдура,Целебные травы,14.15
28,29,Врата Балдура,Целебные травы,14.15
29,30,Врата Балдура,Целебные травы,14.15
30,31,Врата Балдура,Целебные травы,14.19
31,32,Врата Балдура,Целебные травы,14.19
32,33,Врата Балдура,Целебные травы,14.19
33,34,Врата Балдура,Целебные травы,14.23
34,35,Врата Балдура,Целебные травы,14.23
35,36,Врата Балдура,Целебные травы,14.23
36,37,Врата Балдура,Целебные травы,14.27
37,38,Врата Балдура,Целебные травы,14.27
38,39,Врата Балдура,Целебные травы,14.27
39,40,Врата Балдура,Целебные травы,14.31
40,41,Врата Балдура,Целебные травы,14.31
41,42,Врата Балдура,Целебные травы,14.31
42,43,Врата Балдура,Целебные травы,14.34
43,44,Врата Балдура,Целебные травы,14.34
44,45,Врата Балдура,Целебные травы,14.34
45,46,Врата Балдура,Целебные травы,14.39
46,47,Врата Балдура,Целебные травы,14.39
47,48,Врата Балдура,Целебные травы,14.39
48,49,Врата Балдура,Целебные травы,14.45
49,50,Врата Балдура,Целебные травы,14.45
50,51,Врата Балдура,Целебные травы,14.45
51,52,Врата Балдура,Целебные травы,14.48
52,53,Врата Балдура,Целебные травы,14.48
53,54,Врата Балдура,Целебные травы,14.48
54,55,Врата Балдура,Целебные травы,14.51
55,56,Врата Балдура,Целебные травы,14.51
56,57,Врата Балдура,Целебные травы,14.51
57,58,Врата Балдура,Целебные травы,14.56
58,59,Врата Балдура,Целебные травы,14.56
59,60,Врата Балдура,Целебные травы,14.56
60,61,Врата Балдура,Целебные травы,14.59
61,62,Врата Балдура,Целебные травы,14.59
62,63,Врата Балдура,Целебные травы,14.59
63,64,Врата Балдура,Целебные травы,14.63
64,65,Врата Балдура,Целебные травы,14.63
65,66,Врата Балдура,Целебные травы,14.63
66,67,Врата Балдура,Целебные травы,14.69
67,68,Врата Балдура,Целебные травы,14.69
68,69,Врата Балдура,Целебные травы,14.69
69,70,Врата Балдура,Целебные травы,14.73
70,71,Врата Балдура,Целебные травы,14.73
71,72,Врата Балдура,Целебные травы,14.73
72,73,Врата Балдура,Целебные травы,14.78
73,74,Врата Балдура,Целебные травы,14.78
74,75,Врата Балдура,Целебные травы,14.78
75,76,Врата Балдура,Целебные травы,14.81
76,77,Врата Балдура,Целебные травы,14.81
77,78,Врата Балдура,Целебные травы,14.81
78,79,Врата Балдура,Целебные травы,14.83
79,80,Врата Балдура,Целебные травы,14.83
80,81,Врата Балдура,Целебные травы,14.83
81,82,Врата Балдура,Целебные травы,14.86
82,83,Врата Балдура,Целебные травы,14.86
83,84,Врата Балдура,Целебные травы,14.86
84,85,Врата Балдура,Целебные травы,14.88
85,86,Врата Балдура,Целебные травы,14.88
86,87,Врата Балдура,Целебные травы,14.88
87,88,Врата Балдура,Целебные травы,14.92
88,89,Врата Балдура,Целебные травы,14.92
89,90,Врата Балдура,Целебные травы,14.92
0,1,Врата Балдура,Эльфийская пыльца,13.73
1,2,Врата Балдура,Эльфийская пыльца,13.73
2,3,Врата Балдура,Эльфийская пыльца,13.73
3,4,Врата Балдура,Эльфийская пыльца,13.8
4,5,Врата Балдура,Эльфийская пыльца,13.8
5,6,Врата Балдура,Эльфийская пыльца,13.8
6,7,Врата Балдура,Эльфийская пыльца,13.84
7,8,Врата Балдура,Эльфийская пыльца,13.84
8,9,Врата Балдура,Эльфийская пыльца,13.84
9,10,Врата Балдура,Эльфийская пыльца,13.88
10,11,Врата Балдура,Эльфийская пыльца,13.88
11,12,Врата Балдура,Эльфийская пыльца,13.88
12,13,Врата Балдура,Эльфийская пыльца,13.91
13,14,Врата Балдура,Эльфийская пыльца,13.91
14,15,Врата Балдура,Эльфийская пыльца,13.91
15,16,Врата Балдура,Эльфийская пыльца,13.91
16,17,Врата Балдура,Эльфийская пыльца,13.91
17,18,Врата Балдура,Эльфийская пыльца,13.91
18,19,Врата Балдура,Эльфийская пыльца,13.96
19,20,Врата Балдура,Эльфийская пыльца,13.96
20,21,Врата Балдура,Эльфийская пыльца,13.96
21,22,Врата Балдура,Эльфийская пыльца,14.05
22,23,Врата Балдура,Эльфийская пыльца,14.05
23,24,Врата Балдура,Эльфийская пыльца,14.05
24,25,Врата Балдура,Эльфийская пыльца,14.12
25,26,Врата Балдура,Эльфийская пыльца,14.12
26,27,Врата Балдура,Эльфийская пыльца,14.12
27,28,Врата Балдура,Эльфийская пыльца,14.15
28,29,Врата Балдура,Эльфийская пыльца,14.15
29,30,Врата Балдура,Эльфийская пыльца,14.15
30,31,Врата Балдура,Эльфийская пыльца,14.19
31,32,Врата Балдура,Эльфийская пыльца,14.19
32,33,Врата Балдура,Эльфийская пыльца,14.19
33,34,Врата Балдура,Эльфийская пыльца,14.23
34,35,Врата Балдура,Эльфийская пыльца,14.23
35,36,Врата Балдура,Эльфийская пыльца,14.23
36,37,Врата Балдура,Эльфийская пыльца,14.27
37,38,Врата Балдура,Эльфийская пыльца,14.27
38,39,Врата Балдура,Эльфийская пыльца,14.27
39,40,Врата Балдура,Эльфийская пыльца,14.31
40,41,Врата Балдура,Эльфийская пыльца,14.31
41,42,Врата Балдура,Эльфийская пыльца,14.31
42,43,Врата Балдура,Эльфийская пыльца,14.34
43,44,Врата Балдура,Эльфийская пыльца,14.34
44,45,Врата Балдура,Эльфийская пыльца,14.34
45,46,Врата Балдура,Эльфийская пыльца,14.39
46,47,Врата Балдура,Эльфийская пыльца,14.39
47,48,Врата Балдура,Эльфийская пыльца,14.39
48,49,Врата Балдура,Эльфийская пыльца,14.45
49,50,Врата Балдура,Эльфийская пыльца,14.45
50,51,Врата Балдура,Эльфийская пыльца,14.45
51,52,Врата Балдура,Эльфийская пыльца,14.48
52,53,Врата Балдура,Эльфийская пыльца,14.48
53,54,Врата Балдура,Эльфийская пыльца,14.48
54,55,Врата Балдура,Эльфийская пыльца,14.51
55,56,Врата Балдура,Эльфийская пыльца,14.51
56,57,Врата Балдура,Эльфийская пыльца,14.51
57,58,Врата Балдура,Эльфийская пыльца,14.56
58,59,Врата Балдура,Эльфийская пыльца,14.56
59,60,Врата Балдура,Эльфийская пыльца,14.56
60,61,Врата Балдура,Эльфийская пыльца,14.59
61,62,Врата Балдура,Эльфийская пыльца,14.59
62,63,Врата Балдура,Эльфийская пыльца,14.59
63,64,Врата Балдура,Эльфийская пыльца,14.63
64,65,Врата Балдура,Эльфийская пыльца,14.63
65,66,Врата Балдура,Эльфийская пыльца,14.63
66,67,Врата Балдура,Эльфийская пыльца,14.69
67,68,Врата Балдура,Эльфийская пыльца,14.69
68,69,Врата Балдура,Эльфийская пыльца,14.69
69,70,Врата Балдура,Эльфийская пыльца,14.73
70,71,Врата Балдура,Эльфийская пыльца,14.73
71,72,Врата Балдура,Эльфийская пыльца,14.73
72,73,Врата Балдура,Эльфийская пыльца,14.78
73,74,Врата Балдура,Эльфийская пыльца,14.78
74,75,Врата Балдура,Эльфийская пыльца,14.78
75,76,Врата Балдура,Эльфийская пыльца,14.81
76,77,Врата Балдура,Эльфийская пыльца,14.81
77,78,Врата Балдура,Эльфийская пыльца,14.81
78,79,Врата Балдура,Эльфийская пыльца,14.83
79,80,Врата Балдура,Эльфийская пыльца,14.83
80,81,Врата Балдура,Эльфийская пыльца,14.83
81,82,Врата Балдура,Эльфийская пыльца,14.86
82,83,Врата Балдура,Эльфийская пыльца,14.86
83,84,Врата Балдура,Эльфийская пыльца,14.86
84,85,Врата Балдура,Эльфийская пыльца,14.88
85,86,Врата Балдура,Эльфийская пыльца,14.88
86,87,Врата Балдура,Эльфийская пыльца,14.88
87,88,Врата Балдура,Эльфийская пыльца,14.92
88,89,Врата Балдура,Эльфийская пыльца,14.92
89,90,Врата Балдура,Эльфийская пыльца,14.92
0,1,Врата Балдура,Эстус,13.73
1,2,Врата Балдура,Эстус,13.73
2,3,Врата Балдура,Эстус,13.73
3,4,Врата Балдура,Эстус,13.8
4,5,Врата Балдура,Эстус,13.8
5,6,Врата Балдура,Эстус,13.8
6,7,Врата Балдура,Эстус,13.84
7,8,Врата Балдура,Эстус,13.84
8,9,Врата Балдура,Эстус,13.84
9,10,Врата Балдура,Эстус,13.88
10,11,Врата Балдура,Эстус,13.88
11,12,Врата Балдура,Эстус,13.88
12,13,Врата Балдура,Эстус,13.91
13,14,Врата Балдура,Эстус,13.91
14,15,Врата Балдура,Эстус,13.91
15,16,Врата Балдура,Эстус,13.91
16,17,Врата Балдура,Эстус,13.91
17,18,Врата Балдура,Эстус,13.91
18,19,Врата Балдура,Эстус,13.96
19,20,Врата Балдура,Эстус,13.96
20,21,Врата Балдура,Эстус,13.96
21,22,Врата Балдура,Эстус,14.05
22,23,Врата Балдура,Эстус,14.05
23,24,Врата Балдура,Эстус,14.05
24,25,Врата Балдура,Эстус,14.12
25,26,Врата Балдура,Эстус,14.12
26,27,Врата Балдура,Эстус,14.12
27,28,Врата Балдура,Эстус,14.15
28,29,Врата Балдура,Эстус,14.15
29,30,Врата Балдура,Эстус,14.15
30,31,Врата Балдура,Эстус,14.19
31,32,Врата Балдура,Эстус,14.19
32,33,Врата Балдура,Эстус,14.19
33,34,Врата Балдура,Эстус,14.23
34,35,Врата Балдура,Эстус,14.23
35,36,Врата Балдура,Эстус,14.23
36,37,Врата Балдура,Эстус,14.27
37,38,Врата Балдура,Эстус,14.27
38,39,Врата Балдура,Эстус,14.27
39,40,Врата Балдура,Эстус,14.31
40,41,Врата Балдура,Эстус,14.31
41,42,Врата Балдура,Эстус,14.31
42,43,Врата Балдура,Эстус,14.34
43,44,Врата Балдура,Эстус,14.34
44,45,Врата Балдура,Эстус,14.34
45,46,Врата Балдура,Эстус,14.39
46,47,Врата Балдура,Эстус,14.39
47,48,Врата Балдура,Эстус,14.39
48,49,Врата Балдура,Эстус,14.45
49,50,Врата Балдура,Эстус,14.45
50,51,Врата Балдура,Эстус,14.45
51,52,Врата Балдура,Эстус,14.48
52,53,Врата Балдура,Эстус,14.48
53,54,Врата Балдура,Эстус,14.48
54,55,Врата Балдура,Эстус,14.51
55,56,Врата Балдура,Эстус,14.51
56,57,Врата Балдура,Эстус,14.51
57,58,Врата Балдура,Эстус,14.56
58,59,Врата Балдура,Эстус,14.56
59,60,Врата Балдура,Эстус,14.56
60,61,Врата Балдура,Эстус,14.59
61,62,Врата Балдура,Эстус,14.59
62,63,Врата Балдура,Эстус,14.59
63,64,Врата Балдура,Эстус,14.63
64,65,Врата Балдура,Эстус,14.63
65,66,Врата Балдура,Эстус,14.63
66,67,Врата Балдура,Эстус,14.69
67,68,Врата Балдура,Эстус,14.69
68,69,Врата Балдура,Эстус,14.69
69,70,Врата Балдура,Эстус,14.73
70,71,Врата Балдура,Эстус,14.73
71,72,Врата Балдура,Эстус,14.73
72,73,Врата Балдура,Эстус,14.78
73,74,Врата Балдура,Эстус,14.78
74,75,Врата Балдура,Эстус,14.78
75,76,Врата Балдура,Эстус,14.81
76,77,Врата Балдура,Эстус,14.81
77,78,Врата Балдура,Эстус,14.81
78,79,Врата Балдура,Эстус,14.83
79,80,Врата Балдура,Эстус,14.83
80,81,Врата Балдура,Эстус,14.83
81,82,Врата Балдура,Эстус,14.86
82,83,Врата Балдура,Эстус,14.86
83,84,Врата Балдура,Эстус,14.86
84,85,Врата Балдура,Эстус,14.88
85,86,Врата Балдура,Эстус,14.88
86,87,Врата Балдура,Эстус,14.88
87,88,Врата Балдура,Эстус,14.92
88,89,Врата Балдура,Эстус,14.92
89,90,Врата Балдура,Эстус,14.92
0,1,Кеджистан,Целебные травы,13.73
1,2,Кеджистан,Целебные травы,13.73
2,3,Кеджистан,Целебные травы,13.73
3,4,Кеджистан,Целебные травы,13.8
4,5,Кеджистан,Целебные травы,13.8
5,6,Кеджистан,Целебные травы,13.8
6,7,Кеджистан,Целебные травы,13.84
7,8,Кеджистан,Целебные травы,13.84
8,9,Кеджистан,Целебные травы,13.84
9,10,Кеджистан,Целебные травы,13.88
10,11,Кеджистан,Целебные травы,13.88
11,12,Кеджистан,Целебные травы,13.88
12,13,Кеджистан,Целебные травы,13.91
13,14,Кеджистан,Целебные травы,13.91
14,15,Кеджистан,Целебные травы,13.91
15,16,Кеджистан,Целебные травы,13.91
16,17,Кеджистан,Целебные травы,13.91
17,18,Кеджистан,Целебные травы,13.91
18,19,Кеджистан,Целебные травы,13.96
19,20,Кеджистан,Целебные травы,13.96
20,21,Кеджистан,Целебные травы,13.96
21,22,Кеджистан,Целебные травы,14.05
22,23,Кеджистан,Целебные травы,14.05
23,24,Кеджистан,Целебные травы,14.05
24,25,Кеджистан,Целебные травы,14.12
25,26,Кеджистан,Целебные травы,14.12
26,27,Кеджистан,Целебные травы,14.12
27,28,Кеджистан,Целебные травы,14.15
28,29,Кеджистан,Целебные травы,14.15
29,30,Кеджистан,Целебные травы,14.15
30,31,Кеджистан,Целебные травы,14.19
31,32,Кеджистан,Целебные травы,14.19
32,33,Кеджистан,Целебные травы,14.19
33,34,Кеджистан,Целебные травы,14.23
34,35,Кеджистан,Целебные травы,14.23
35,36,Кеджистан,Целебные травы,14.23
36,37,Кеджистан,Целебные травы,14.27
37,38,Кеджистан,Целебные травы,14.27
38,39,Кеджистан,Целебные травы,14.27
39,40,Кеджистан,Целебные травы,14.31
40,41,Кеджистан,Целебные травы,14.31
41,42,Кеджистан,Целебные травы,14.31
42,43,Кеджистан,Целебные травы,14.34
43,44,Кеджистан,Целебные травы,14.34
44,45,Кеджистан,Целебные травы,14.34
45,46,Кеджистан,Целебные травы,14.39
46,47,Кеджистан,Целебные травы,14.39
47,48,Кеджистан,Целебные травы,14.39
48,49,Кеджистан,Целебные травы,14.45
49,50,Кеджистан,Целебные травы,14.45
50,51,Кеджистан,Целебные травы,14.45
51,52,Кеджистан,Целебные травы,14.48
52,53,Кеджистан,Целебные травы,14.48
53,54,Кеджистан,Целебные травы,14.48
54,55,Кеджистан,Целебные травы,14.51
55,56,Кеджистан,Целебные травы,14.51
56,57,Кеджистан,Целебные травы,14.51
57,58,Кеджистан,Целебные травы,14.56
58,59,Кеджистан,Целебные травы,14.56
59,60,Кеджистан,Целебные травы,14.56
60,61,Кеджистан,Целебные травы,14.59
61,62,Кеджистан,Целебные травы,14.59
62,63,Кеджистан,Целебные травы,14.59
63,64,Кеджистан,Целебные травы,14.63
64,65,Кеджистан,Целебные травы,14.63
65,66,Кеджистан,Целебные травы,14.63
66,67,Кеджистан,Целебные травы,14.69
67,68,Кеджистан,Целебные травы,14.69
68,69,Кеджистан,Целебные травы,14.69
69,70,Кеджистан,Целебные травы,14.73
70,71,Кеджистан,Целебные травы,14.73
71,72,Кеджистан,Целебные травы,14.73
72,73,Кеджистан,Целебные травы,14.78
73,74,Кеджистан,Целебные травы,14.78
74,75,Кеджистан,Целебные травы,14.78
75,76,Кеджистан,Целебные травы,14.81
76,77,Кеджистан,Целебные травы,14.81
77,78,Кеджистан,Целебные травы,14.81
78,79,Кеджистан,Целебные травы,14.83
79,80,Кеджистан,Целебные травы,14.83
80,81,Кеджистан,Целебные травы,14.83
81,82,Кеджистан,Целебные травы,14.86
82,83,Кеджистан,Целебные травы,14.86
83,84,Кеджистан,Целебные травы,14.86
84,85,Кеджистан,Целебные травы,14.88
85,86,Кеджистан,Целебные травы,14.88
86,87,Кеджистан,Целебные травы,14.88
87,88,Кеджистан,Целебные травы,14.92
88,89,Кеджистан,Целебные травы,14.92
89,90,Кеджистан,Целебные травы,14.92
0,1,Кеджистан,Эльфийская пыльца,13.73
1,2,Кеджистан,Эльфийская пыльца,13.73
2,3,Кеджистан,Эльфийская пыльца,13.73
3,4,Кеджистан,Эльфийская пыльца,13.8
4,5,Кеджистан,Эльфийская пыльца,13.8
5,6,Кеджистан,Эльфийская пыльца,13.8
6,7,Кеджистан,Эльфийская пыльца,13.84
7,8,Кеджистан,Эльфийская пыльца,13.84
8,9,Кеджистан,Эльфийская пыльца,13.84
9,10,Кеджистан,Эльфийская пыльца,13.88
10,11,Кеджистан,Эльфийская пыльца,13.88
11,12,Кеджистан,Эльфийская пыльца,13.88
12,13,Кеджистан,Эльфийская пыльца,13.91
13,14,Кеджистан,Эльфийская пыльца,13.91
14,15,Кеджистан,Эльфийская пыльца,13.91
15,16,Кеджистан,Эльфийская пыльца,13.91
16,17,Кеджистан,Эльфийская пыльца,13.91
17,18,Кеджистан,Эльфийская пыльца,13.91
18,19,Кеджистан,Эльфийская пыльца,13.96
19,20,Кеджистан,Эльфийская пыльца,13.96
20,21,Кеджистан,Эльфийская пыльца,13.96
21,22,Кеджистан,Эльфийская пыльца,14.05
22,23,Кеджистан,Эльфийская пыльца,14.05
23,24,Кеджистан,Эльфийская пыльца,14.05
24,25,Кеджистан,Эльфийская пыльца,14.12
25,26,Кеджистан,Эльфийская пыльца,14.12
26,27,Кеджистан,Эльфийская пыльца,14.12
27,28,Кеджистан,Эльфийская пыльца,14.15
28,29,Кеджистан,Эльфийская пыльца,14.15
29,30,Кеджистан,Эльфийская пыльца,14.15
30,31,Кеджистан,Эльфийская пыльца,14.19
31,32,Кеджистан,Эльфийская пыльца,14.19
32,33,Кеджистан,Эльфийская пыльца,14.19
33,34,Кеджистан,Эльфийская пыльца,14.23
34,35,Кеджистан,Эльфийская пыльца,14.23
35,36,Кеджистан,Эльфийская пыльца,14.23
36,37,Кеджистан,Эльфийская пыльца,14.27
37,38,Кеджистан,Эльфийская пыльца,14.27
38,39,Кеджистан,Эльфийская пыльца,14.27
39,40,Кеджистан,Эльфийская пыльца,14.31
40,41,Кеджистан,Эльфийская пыльца,14.31
41,42,Кеджистан,Эльфийская пыльца,14.31
42,43,Кеджистан,Эльфийская пыльца,14.34
43,44,Кеджистан,Эльфийская пыльца,14.34
44,45,Кеджистан,Эльфийская пыльца,14.34
45,46,Кеджистан,Эльфийская пыльца,14.39
46,47,Кеджистан,Эльфийская пыльца,14.39
47,48,Кеджистан,Эльфийская пыльца,14.39
48,49,Кеджистан,Эльфийская пыльца,14.45
49,50,Кеджистан,Эльфийская пыльца,14.45
50,51,Кеджистан,Эльфийская пыльца,14.45
51,52,Кеджистан,Эльфийская пыльца,14.48
52,53,Кеджистан,Эльфийская пыльца,14.48
53,54,Кеджистан,Эльфийская пыльца,14.48
54,55,Кеджистан,Эльфийская пыльца,14.51
55,56,Кеджистан,Эльфийская пыльца,14.51
56,57,Кеджистан,Эльфийская пыльца,14.51
57,58,Кеджистан,Эльфийская пыльца,14.56
58,59,Кеджистан,Эльфийская пыльца,14.56
59,60,Кеджистан,Эльфийская пыльца,14.56
60,61,Кеджистан,Эльфийская пыльца,14.59
61,62,Кеджистан,Эльфийская пыльца,14.59
62,63,Кеджистан,Эльфийская пыльца,14.59
63,64,Кеджистан,Эльфийская пыльца,14.63
64,65,Кеджистан,Эльфийская пыльца,14.63
65,66,Кеджистан,Эльфийская пыльца,14.63
66,67,Кеджистан,Эльфийская пыльца,14.69
67,68,Кеджистан,Эльфийская пыльца,14.69
68,69,Кеджистан,Эльфийская пыльца,14.69
69,70,Кеджистан,Эльфийская пыльца,14.73
70,71,Кеджистан,Эльфийская пыльца,14.73
71,72,Кеджистан,Эльфийская пыльца,14.73
72,73,Кеджистан,Эльфийская пыльца,14.78
73,74,Кеджистан,Эльфийская пыльца,14.78
74,75,Кеджистан,Эльфийская пыльца,14.78
75,76,Кеджистан,Эльфийская пыльца,14.81
76,77,Кеджистан,Эльфийская пыльца,14.81
77,78,Кеджистан,Эльфийская пыльца,14.81
78,79,Кеджистан,Эльфийская пыльца,14.83
79,80,Кеджистан,Эльфийская пыльца,14.83
80,81,Кеджистан,Эльфийская пыльца,14.83
81,82,Кеджистан,Эльфийская пыльца,14.86
82,83,Кеджистан,Эльфийская пыльца,14.86
83,84,Кеджистан,Эльфийская пыльца,14.86
84,85,Кеджистан,Эльфийская пыльца,14.88
85,86,Кеджистан,Эльфийская пыльца,14.88
86,87,Кеджистан,Эльфийская пыльца,14.88
87,88,Кеджистан,Эльфийская пыльца,14.92
88,89,Кеджистан,Эльфийская пыльца,14.92
89,90,Кеджистан,Эльфийская пыльца,14.92
0,1,Кеджистан,Эстус,13.73
1,2,Кеджистан,Эстус,13.73
2,3,Кеджистан,Эстус,13.73
3,4,Кеджистан,Эстус,13.8
4,5,Кеджистан,Эстус,13.8
5,6,Кеджистан,Эстус,13.8
6,7,Кеджистан,Эстус,13.84
7,8,Кеджистан,Эстус,13.84
8,9,Кеджистан,Эстус,13.84
9,10,Кеджистан,Эстус,13.88
10,11,Кеджистан,Эстус,13.88
11,12,Кеджистан,Эстус,13.88
12,13,Кеджистан,Эстус,13.91
13,14,Кеджистан,Эстус,13.91
14,15,Кеджистан,Эстус,13.91
15,16,Кеджистан,Эстус,13.91
16,17,Кеджистан,Эстус,13.91
17,18,Кеджистан,Эстус,13.91
18,19,Кеджистан,Эстус,13.96
19,20,Кеджистан,Эстус,13.96
20,21,Кеджистан,Эстус,13.96
21,22,Кеджистан,Эстус,14.05
22,23,Кеджистан,Эстус,14.05
23,24,Кеджистан,Эстус,14.05
24,25,Кеджистан,Эстус,14.12
25,26,Кеджистан,Эстус,14.12
26,27,Кеджистан,Эстус,14.12
27,28,Кеджистан,Эстус,14.15
28,29,Кеджистан,Эстус,14.15
29,30,Кеджистан,Эстус,14.15
30,31,Кеджистан,Эстус,14.19
31,32,Кеджистан,Эстус,14.19
32,33,Кеджистан,Эстус,14.19
33,34,Кеджистан,Эстус,14.23
34,35,Кеджистан,Эстус,14.23
35,36,Кеджистан,Эстус,14.23
36,37,Кеджистан,Эстус,14.27
37,38,Кеджистан,Эстус,14.27
38,39,Кеджистан,Эстус,14.27
39,40,Кеджистан,Эстус,14.31
40,41,Кеджистан,Эстус,14.31
41,42,Кеджистан,Эстус,14.31
42,43,Кеджистан,Эстус,14.34
43,44,Кеджистан,Эстус,14.34
44,45,Кеджистан,Эстус,14.34
45,46,Кеджистан,Эстус,14.39
46,47,Кеджистан,Эстус,14.39
47,48,Кеджистан,Эстус,14.39
48,49,Кеджистан,Эстус,14.45
49,50,Кеджистан,Эстус,14.45
50,51,Кеджистан,Эстус,14.45
51,52,Кеджистан,Эстус,14.48
52,53,Кеджистан,Эстус,14.48
53,54,Кеджистан,Эстус,14.48
54,55,Кеджистан,Эстус,14.51
55,56,Кеджистан,Эстус,14.51
56,57,Кеджистан,Эстус,14.51
57,58,Кеджистан,Эстус,14.56
58,59,Кеджистан,Эстус,14.56
59,60,Кеджистан,Эстус,14.56
60,61,Кеджистан,Эстус,14.59
61,62,Кеджистан,Эстус,14.59
62,63,Кеджистан,Эстус,14.59
63,64,Кеджистан,Эстус,14.63
64,65,Кеджистан,Эстус,14.63
65,66,Кеджистан,Эстус,14.63
66,67,Кеджистан,Эстус,14.69
67,68,Кеджистан,Эстус,14.69
68,69,Кеджистан,Эстус,14.69
69,70,Кеджистан,Эстус,14.73
70,71,Кеджистан,Эстус,14.73
71,72,Кеджистан,Эстус,14.73
72,73,Кеджистан,Эстус,14.78
73,74,Кеджистан,Эстус,14.78
74,75,Кеджистан,Эстус,14.78
75,76,Кеджистан,Эстус,14.81
76,77,Кеджистан,Эстус,14.81
77,78,Кеджистан,Эстус,14.81
78,79,Кеджистан,Эстус,14.83
79,80,Кеджистан,Эстус,14.83
80,81,Кеджистан,Эстус,14.83
81,82,Кеджистан,Эстус,14.86
82,83,Кеджистан,Эстус,14.86
83,84,Кеджистан,Эстус,14.86
84,85,Кеджистан,Эстус,14.88
85,86,Кеджистан,Эстус,14.88
86,87,Кеджистан,Эстус,14.88
87,88,Кеджистан,Эстус,14.92
88,89,Кеджистан,Эстус,14.92
89,90,Кеджистан,Эстус,14.92
0,1,Нокрон,Целебные травы,13.73
1,2,Нокрон,Целебные травы,13.73
2,3,Нокрон,Целебные травы,13.73
3,4,Нокрон,Целебные травы,13.8
4,5,Нокрон,Целебные травы,13.8
5,6,Нокрон,Целебные травы,13.8
6,7,Нокрон,Целебные травы,13.84
7,8,Нокрон,Целебные травы,13.84
8,9,Нокрон,Целебные травы,13.84
9,10,Нокрон,Целебные травы,13.88
10,11,Нокрон,Целебные травы,13.88
11,12,Нокрон,Целебные травы,13.88
12,13,Нокрон,Целебные травы,13.91
13,14,Нокрон,Целебные травы,13.91
14,15,Нокрон,Целебные травы,13.91
15,16,Нокрон,Целебные травы,13.91
16,17,Нокрон,Целебные травы,13.91
17,18,Нокрон,Целебные травы,13.91
18,19,Нокрон,Целебные травы,13.96
19,20,Нокрон,Целебные травы,13.96
20,21,Нокрон,Целебные травы,13.96
21,22,Нокрон,Целебные травы,14.05
22,23,Нокрон,Целебные травы,14.05
23,24,Нокрон,Целебные травы,14.05
24,25,Нокрон,Целебные травы,14.12
25,26,Нокрон,Целебные травы,14.12
26,27,Нокрон,Целебные травы,14.12
27,28,Нокрон,Целебные травы,14.15
28,29,Нокрон,Целебные травы,14.15
29,30,Нокрон,Целебные травы,14.15
30,31,Нокрон,Целебные травы,14.19
31,32,Нокрон,Целебные травы,14.19
32,33,Нокрон,Целебные травы,14.19
33,34,Нокрон,Целебные травы,14.23
34,35,Нокрон,Целебные травы,14.23
35,36,Нокрон,Целебные травы,14.23
36,37,Нокрон,Целебные травы,14.27
37,38,Нокрон,Целебные травы,14.27
38,39,Нокрон,Целебные травы,14.27
39,40,Нокрон,Целебные травы,14.31
40,41,Нокрон,Целебные травы,14.31
41,42,Нокрон,Целебные травы,14.31
42,43,Нокрон,Целебные травы,14.34
43,44,Нокрон,Целебные травы,14.34
44,45,Нокрон,Целебные травы,14.34
45,46,Нокрон,Целебные травы,14.39
46,47,Нокрон,Целебные травы,14.39
47,48,Нокрон,Целебные травы,14.39
48,49,Нокрон,Целебные травы,14.45
49,50,Нокрон,Целебные травы,14.45
50,51,Нокрон,Целебные травы,14.45
51,52,Нокрон,Целебные травы,14.48
52,53,Нокрон,Целебные травы,14.48
53,54,Нокрон,Целебные травы,14.48
54,55,Нокрон,Целебные травы,14.51
55,56,Нокрон,Целебные травы,14.51
56,57,Нокрон,Целебные травы,14.51
57,58,Нокрон,Целебные травы,14.56
58,59,Нокрон,Целебные травы,14.56
59,60,Нокрон,Целебные травы,14.56
60,61,Нокрон,Целебные травы,14.59
61,62,Нокрон,Целебные травы,14.59
62,63,Нокрон,Целебные травы,14.59
63,64,Нокрон,Целебные травы,14.63
64,65,Нокрон,Целебные травы,14.63
65,66,Нокрон,Целебные травы,14.63
66,67,Нокрон,Целебные травы,14.69
67,68,Нокрон,Целебные травы,14.69
68,69,Нокрон,Целебные травы,14.69
69,70,Нокрон,Целебные травы,14.73
70,71,Нокрон,Целебные травы,14.73
71,72,Нокрон,Целебные травы,14.73
72,73,Нокрон,Целебные травы,14.78
73,74,Нокрон,Целебные травы,14.78
74,75,Нокрон,Целебные травы,14.78
75,76,Нокрон,Целебные травы,14.81
76,77,Нокрон,Целебные травы,14.81
77,78,Нокрон,Целебные травы,14.81
78,79,Нокрон,Целебные травы,14.83
79,80,Нокрон,Целебные травы,14.83
80,81,Нокрон,Целебные травы,14.83
81,82,Нокрон,Целебные травы,14.86
82,83,Нокрон,Целебные травы,14.86
83,84,Нокрон,Целебные травы,14.86
84,85,Нокрон,Целебные травы,14.88
85,86,Нокрон,Целебные травы,14.88
86,87,Нокрон,Целебные травы,14.88
87,88,Нокрон,Целебные травы,14.92
88,89,Нокрон,Целебные травы,14.92
89,90,Нокрон,Целебные травы,14.92
0,1,Нокрон,Эльфийская пыльца,13.73
1,2,Нокрон,Эльфийская пыльца,13.73
2,3,Нокрон,Эльфийская пыльца,13.73
3,4,Нокрон,Эльфийская пыльца,13.8
4,5,Нокрон,Эльфийская пыльца,13.8
5,6,Нокрон,Эльфийская пыльца,13.8
6,7,Нокрон,Эльфийская пыльца,13.84
7,8,Нокрон,Эльфийская пыльца,13.84
8,9,Нокрон,Эльфийская пыльца,13.84
9,10,Нокрон,Эльфийская пыльца,13.88
10,11,Нокрон,Эльфийская пыльца,13.88
11,12,Нокрон,Эльфийская пыльца,13.88
12,13,Нокрон,Эльфийская пыльца,13.91
13,14,Нокрон,Эльфийская пыльца,13.91
14,15,Нокрон,Эльфийская пыльца,13.91
15,16,Нокрон,Эльфийская пыльца,13.91
16,17,Нокрон,Эльфийская пыльца,13.91
17,18,Нокрон,Эльфийская пыльца,13.91
18,19,Нокрон,Эльфийская пыльца,13.96
19,20,Нокрон,Эльфийская пыльца,13.96
20,21,Нокрон,Эльфийская пыльца,13.96
21,22,Нокрон,Эльфийская пыльца,14.05
22,23,Нокрон,Эльфийская пыльца,14.05
23,24,Нокрон,Эльфийская пыльца,14.05
24,25,Нокрон,Эльфийская пыльца,14.12
25,26,Нокрон,Эльфийская пыльца,14.12
26,27,Нокрон,Эльфийская пыльца,14.12
27,28,Нокрон,Эльфийская пыльца,14.15
28,29,Нокрон,Эльфийская пыльца,14.15
29,30,Нокрон,Эльфийская пыльца,14.15
30,31,Нокрон,Эльфийская пыльца,14.19
31,32,Нокрон,Эльфийская пыльца,14.19
32,33,Нокрон,Эльфийская пыльца,14.19
33,34,Нокрон,Эльфийская пыльца,14.23
34,35,Нокрон,Эльфийская пыльца,14.23
35,36,Нокрон,Эльфийская пыльца,14.23
36,37,Нокрон,Эльфийская пыльца,14.27
37,38,Нокрон,Эльфийская пыльца,14.27
38,39,Нокрон,Эльфийская пыльца,14.27
39,40,Нокрон,Эльфийская пыльца,14.31
40,41,Нокрон,Эльфийская пыльца,14.31
41,42,Нокрон,Эльфийская пыльца,14.31
42,43,Нокрон,Эльфийская пыльца,14.34
43,44,Нокрон,Эльфийская пыльца,14.34
44,45,Нокрон,Эльфийская пыльца,14.34
45,46,Нокрон,Эльфийская пыльца,14.39
46,47,Нокрон,Эльфийская пыльца,14.39
47,48,Нокрон,Эльфийская пыльца,14.39
48,49,Нокрон,Эльфийская пыльца,14.45
49,50,Нокрон,Эльфийская пыльца,14.45
50,51,Нокрон,Эльфийская пыльца,14.45
51,52,Нокрон,Эльфийская пыльца,14.48
52,53,Нокрон,Эльфийская пыльца,14.48
53,54,Нокрон,Эльфийская пыльца,14.48
54,55,Нокрон,Эльфийская пыльца,14.51
55,56,Нокрон,Эльфийская пыльца,14.51
56,57,Нокрон,Эльфийская пыльца,14.51
57,58,Нокрон,Эльфийская пыльца,14.56
58,59,Нокрон,Эльфийская пыльца,14.56
59,60,Нокрон,Эльфийская пыльца,14.56
60,61,Нокрон,Эльфийская пыльца,14.59
61,62,Нокрон,Эльфийская пыльца,14.59
62,63,Нокрон,Эльфийская пыльца,14.59
63,64,Нокрон,Эльфийская пыльца,14.63
64,65,Нокрон,Эльфийская пыльца,14.63
65,66,Нокрон,Эльфийская пыльца,14.63
66,67,Нокрон,Эльфийская пыльца,14.69
67,68,Нокрон,Эльфийская пыльца,14.69
68,69,Нокрон,Эльфийская пыльца,14.69
69,70,Нокрон,Эльфийская пыльца,14.73
70,71,Нокрон,Эльфийская пыльца,14.73
71,72,Нокрон,Эльфийская пыльца,14.73
72,73,Нокрон,Эльфийская пыльца,14.78
73,74,Нокрон,Эльфийская пыльца,14.78
74,75,Нокрон,Эльфийская пыльца,14.78
75,76,Нокрон,Эльфийская пыльца,14.81
76,77,Нокрон,Эльфийская пыльца,14.81
77,78,Нокрон,Эльфийская пыльца,14.81
78,79,Нокрон,Эльфийская пыльца,14.83
79,80,Нокрон,Эльфийская пыльца,14.83
80,81,Нокрон,Эльфийская пыльца,14.83
81,82,Нокрон,Эльфийская пыльца,14.86
82,83,Нокрон,Эльфийская пыльца,14.86
83,84,Нокрон,Эльфийская пыльца,14.86
84,85,Нокрон,Эльфийская пыльца,14.88
85,86,Нокрон,Эльфийская пыльца,14.88
86,87,Нокрон,Эльфийская пыльца,14.88
87,88,Нокрон,Эльфийская пыльца,14.92
88,89,Нокрон,Эльфийская пыльца,14.92
89,90,Нокрон,Эльфийская пыльца,14.92
0,1,Нокрон,Эстус,13.73
1,2,Нокрон,Эстус,13.73
2,3,Нокрон,Эстус,13.73
3,4,Нокрон,Эстус,13.8
4,5,Нокрон,Эстус,13.8
5,6,Нокрон,Эстус,13.8
6,7,Нокрон,Эстус,13.84
7,8,Нокрон,Эстус,13.84
8,9,Нокрон,Эстус,13.84
9,10,Нокрон,Эстус,13.88
10,11,Нокрон,Эстус,13.88
11,12,Нокрон,Эстус,13.88
12,13,Нокрон,Эстус,13.91
13,14,Нокрон,Эстус,13.91
14,15,Нокрон,Эстус,13.91
15,16,Нокрон,Эстус,13.91
16,17,Нокрон,Эстус,13.91
17,18,Нокрон,Эстус,13.91
18,19,Нокрон,Эстус,13.96
19,20,Нокрон,Эстус,13.96
20,21,Нокрон,Эстус,13.96
21,22,Нокрон,Эстус,14.05
22,23,Нокрон,Эстус,14.05
23,24,Нокрон,Эстус,14.05
24,25,Нокрон,Эстус,14.12
25,26,Нокрон,Эстус,14.12
26,27,Нокрон,Эстус,14.12
27,28,Нокрон,Эстус,14.15
28,29,Нокрон,Эстус,14.15
29,30,Нокрон,Эстус,14.15
30,31,Нокрон,Эстус,14.19
31,32,Нокрон,Эстус,14.19
32,33,Нокрон,Эстус,14.19
33,34,Нокрон,Эстус,14.23
34,35,Нокрон,Эстус,14.23
35,36,Нокрон,Эстус,14.23
36,37,Нокрон,Эстус,14.27
37,38,Нокрон,Эстус,14.27
38,39,Нокрон,Эстус,14.27
39,40,Нокрон,Эстус,14.31
40,41,Нокрон,Эстус,14.31
41,42,Нокрон,Эстус,14.31
42,43,Нокрон,Эстус,14.34
43,44,Нокрон,Эстус,14.34
44,45,Нокрон,Эстус,14.34
45,46,Нокрон,Эстус,14.39
46,47,Нокрон,Эстус,14.39
47,48,Нокрон,Эстус,14.39
48,49,Нокрон,Эстус,14.45
49,50,Нокрон,Эстус,14.45
50,51,Нокрон,Эстус,14.45
51,52,Нокрон,Эстус,14.48
52,53,Нокрон,Эстус,14.48
53,54,Нокрон,Эстус,14.48
54,55,Нокрон,Эстус,14.51
55,56,Нокрон,Эстус,14.51
56,57,Нокрон,Эстус,14.51
57,58,Нокрон,Эстус,14.56
58,59,Нокрон,Эстус,14.56
59,60,Нокрон,Эстус,14.56
60,61,Нокрон,Эстус,14.59
61,62,Нокрон,Эстус,14.59
62,63,Нокрон,Эстус,14.59
63,64,Нокрон,Эстус,14.63
64,65,Нокрон,Эстус,14.63
65,66,Нокрон,Эстус,14.63
66,67,Нокрон,Эстус,14.69
67,68,Нокрон,Эстус,14.69
68,69,Нокрон,Эстус,14.69
69,70,Нокрон,Эстус,14.73
70,71,Нокрон,Эстус,14.73
71,72,Нокрон,Эстус,14.73
72,73,Нокрон,Эстус,14.78
73,74,Нокрон,Эстус,14.78
74,75,Нокрон,Эстус,14.78
75,76,Нокрон,Эстус,14.81
76,77,Нокрон,Эстус,14.81
77,78,Нокрон,Эстус,14.81
78,79,Нокрон,Эстус,14.83
79,80,Нокрон,Эстус,14.83
80,81,Нокрон,Эстус,14.83
81,82,Нокрон,Эстус,14.86
82,83,Нокрон,Эстус,14.86
83,84,Нокрон,Эстус,14.86
84,85,Нокрон,Эстус,14.88
85,86,Нокрон,Эстус,14.88
86,87,Нокрон,Эстус,14.88
87,88,Нокрон,Эстус,14.92
88,89,Нокрон,Эстус,14.92
89,90,Нокрон,Эстус,14.92
0,1,Фалькония,Целебные травы,13.73
1,2,Фалькония,Целебные травы,13.73
2,3,Фалькония,Целебные травы,13.73
3,4,Фалькония,Целебные травы,13.8
4,5,Фалькония,Целебные травы,13.8
5,6,Фалькония,Целебные травы,13.8
6,7,Фалькония,Целебные травы,13.84
7,8,Фалькония,Целебные травы,13.84
8,9,Фалькония,Целебные травы,13.84
9,10,Фалькония,Целебные травы,13.88
10,11,Фалькония,Целебные травы,13.88
11,12,Фалькония,Целебные травы,13.88
12,13,Фалькония,Целебные травы,13.91
13,14,Фалькония,Целебные травы,13.91
14,15,Фалькония,Целебные травы,13.91
15,16,Фалькония,Целебные травы,13.91
16,17,Фалькония,Целебные травы,13.91
17,18,Фалькония,Целебные травы,13.91
18,19,Фалькония,Целебные травы,13.96
19,20,Фалькония,Целебные травы,13.96
20,21,Фалькония,Целебные травы,13.96
21,22,Фалькония,Целебные травы,14.05
22,23,Фалькония,Целебные травы,14.05
23,24,Фалькония,Целебные травы,14.05
24,25,Фалькония,Целебные травы,14.12
25,26,Фалькония,Целебные травы,14.12
26,27,Фалькония,Целебные травы,14.12
27,28,Фалькония,Целебные травы,14.15
28,29,Фалькония,Целебные травы,14.15
29,30,Фалькония,Целебные травы,14.15
30,31,Фалькония,Целебные травы,14.19
31,32,Фалькония,Целебные травы,14.19
32,33,Фалькония,Целебные травы,14.19
33,34,Фалькония,Целебные травы,14.23
34,35,Фалькония,Целебные травы,14.23
35,36,Фалькония,Целебные травы,14.23
36,37,Фалькония,Целебные травы,14.27
37,38,Фалькония,Целебные травы,14.27
38,39,Фалькония,Целебные травы,14.27
39,40,Фалькония,Целебные травы,14.31
40,41,Фалькония,Целебные травы,14.31
41,42,Фалькония,Целебные травы,14.31
42,43,Фалькония,Целебные травы,14.34
43,44,Фалькония,Целебные травы,14.34
44,45,Фалькония,Целебные травы,14.34
45,46,Фалькония,Целебные травы,14.39
46,47,Фалькония,Целебные травы,14.39
47,48,Фалькония,Целебные травы,14.39
48,49,Фалькония,Целебные травы,14.45
49,50,Фалькония,Целебные травы,14.45
50,51,Фалькония,Целебные травы,14.45
51,52,Фалькония,Целебные травы,14.48
52,53,Фалькония,Целебные травы,14.48
53,54,Фалькония,Целебные травы,14.48
54,55,Фалькония,Целебные травы,14.51
55,56,Фалькония,Целебные травы,14.51
56,57,Фалькония,Целебные травы,14.51
57,58,Фалькония,Целебные травы,14.56
58,59,Фалькония,Целебные травы,14.56
59,60,Фалькония,Целебные травы,14.56
60,61,Фалькония,Целебные травы,14.59
61,62,Фалькония,Целебные травы,14.59
62,63,Фалькония,Целебные травы,14.59
63,64,Фалькония,Целебные травы,14.63
64,65,Фалькония,Целебные травы,14.63
65,66,Фалькония,Целебные травы,14.63
66,67,Фалькония,Целебные травы,14.69
67,68,Фалькония,Целебные травы,14.69
68,69,Фалькония,Целебные травы,14.69
69,70,Фалькония,Целебные травы,14.73
70,71,Фалькония,Целебные травы,14.73
71,72,Фалькония,Целебные травы,14.73
72,73,Фалькония,Целебные травы,14.78
73,74,Фалькония,Целебные травы,14.78
74,75,Фалькония,Целебные травы,14.78
75,76,Фалькония,Целебные травы,14.81
76,77,Фалькония,Целебные травы,14.81
77,78,Фалькония,Целебные травы,14.81
78,79,Фалькония,Целебные травы,14.83
79,80,Фалькония,Целебные травы,14.83
80,81,Фалькония,Целебные травы,14.83
81,82,Фалькония,Целебные травы,14.86
82,83,Фалькония,Целебные травы,14.86
83,84,Фалькония,Целебные травы,14.86
84,85,Фалькония,Целебные травы,14.88
85,86,Фалькония,Целебные травы,14.88
86,87,Фалькония,Целебные травы,14.88
87,88,Фалькония,Целебные травы,14.92
88,89,Фалькония,Целебные травы,14.92
89,90,Фалькония,Целебные травы,14.92
0,1,Фалькония,Эльфийская пыльца,13.73
1,2,Фалькония,Эльфийская пыльца,13.73
2,3,Фалькония,Эльфийская пыльца,13.73
3,4,Фалькония,Эльфийская пыльца,13.8
4,5,Фалькония,Эльфийская пыльца,13.8
5,6,Фалькония,Эльфийская пыльца,13.8
6,7,Фалькония,Эльфийская пыльца,13.84
7,8,Фалькония,Эльфийская пыльца,13.84
8,9,Фалькония,Эльфийская пыльца,13.84
9,10,Фалькония,Эльфийская пыльца,13.88
10,11,Фалькония,Эльфийская пыльца,13.88
11,12,Фалькония,Эльфийская пыльца,13.88
12,13,Фалькония,Эльфийская пыльца,13.91
13,14,Фалькония,Эльфийская пыльца,13.91
14,15,Фалькония,Эльфийская пыльца,13.91
15,16,Фалькония,Эльфийская пыльца,13.91
16,17,Фалькония,Эльфийская пыльца,13.91
17,18,Фалькония,Эльфийская пыльца,13.91
18,19,Фалькония,Эльфийская пыльца,13.96
19,20,Фалькония,Эльфийская пыльца,13.96
20,21,Фалькония,Эльфийская пыльца,13.96
21,22,Фалькония,Эльфийская пыльца,14.05
22,23,Фалькония,Эльфийская пыльца,14.05
23,24,Фалькония,Эльфийская пыльца,14.05
24,25,Фалькония,Эльфийская пыльца,14.12
25,26,Фалькония,Эльфийская пыльца,14.12
26,27,Фалькония,Эльфийская пыльца,14.12
27,28,Фалькония,Эльфийская пыльца,14.15
28,29,Фалькония,Эльфийская пыльца,14.15
29,30,Фалькония,Эльфийская пыльца,14.15
30,31,Фалькония,Эльфийская пыльца,14.19
31,32,Фалькония,Эльфийская пыльца,14.19
32,33,Фалькония,Эльфийская пыльца,14.19
33,34,Фалькония,Эльфийская пыльца,14.23
34,35,Фалькония,Эльфийская пыльца,14.23
35,36,Фалькония,Эльфийская пыльца,14.23
36,37,Фалькония,Эльфийская пыльца,14.27
37,38,Фалькония,Эльфийская пыльца,14.27
38,39,Фалькония,Эльфийская пыльца,14.27
39,40,Фалькония,Эльфийская пыльца,14.31
40,41,Фалькония,Эльфийская пыльца,14.31
41,42,Фалькония,Эльфийская пыльца,14.31
42,43,Фалькония,Эльфийская пыльца,14.34
43,44,Фалькония,Эльфийская пыльца,14.34
44,45,Фалькония,Эльфийская пыльца,14.34
45,46,Фалькония,Эльфийская пыльца,14.39
46,47,Фалькония,Эльфийская пыльца,14.39
47,48,Фалькония,Эльфийская пыльца,14.39
48,49,Фалькония,Эльфийская пыльца,14.45
49,50,Фалькония,Эльфийская пыльца,14.45
50,51,Фалькония,Эльфийская пыльца,14.45
51,52,Фалькония,Эльфийская пыльца,14.48
52,53,Фалькония,Эльфийская пыльца,14.48
53,54,Фалькония,Эльфийская пыльца,14.48
54,55,Фалькония,Эльфийская пыльца,14.51
55,56,Фалькония,Эльфийская пыльца,14.51
56,57,Фалькония,Эльфийская пыльца,14.51
57,58,Фалькония,Эльфийская пыльца,14.56
58,59,Фалькония,Эльфийская пыльца,14.56
59,60,Фалькония,Эльфийская пыльца,14.56
60,61,Фалькония,Эльфийская пыльца,14.59
61,62,Фалькония,Эльфийская пыльца,14.59
62,63,Фалькония,Эльфийская пыльца,14.59
63,64,Фалькония,Эльфийская пыльца,14.63
64,65,Фалькония,Эльфийская пыльца,14.63
65,66,Фалькония,Эльфийская пыльца,14.63
66,67,Фалькония,Эльфийская пыльца,14.69
67,68,Фалькония,Эльфийская пыльца,14.69
68,69,Фалькония,Эльфийская пыльца,14.69
69,70,Фалькония,Эльфийская пыльца,14.73
70,71,Фалькония,Эльфийская пыльца,14.73
71,72,Фалькония,Эльфийская пыльца,14.73
72,73,Фалькония,Эльфийская пыльца,14.78
73,74,Фалькония,Эльфийская пыльца,14.78
74,75,Фалькония,Эльфийская пыльца,14.78
75,76,Фалькония,Эльфийская пыльца,14.81
76,77,Фалькония,Эльфийская пыльца,14.81
77,78,Фалькония,Эльфийская пыльца,14.81
78,79,Фалькония,Эльфийская пыльца,14.83
79,80,Фалькония,Эльфийская пыльца,14.83
80,81,Фалькония,Эльфийская пыльца,14.83
81,82,Фалькония,Эльфийская пыльца,14.86
82,83,Фалькония,Эльфийская пыльца,14.86
83,84,Фалькония,Эльфийская пыльца,14.86
84,85,Фалькония,Эльфийская пыльца,14.88
85,86,Фалькония,Эльфийская пыльца,14.88
86,87,Фалькония,Эльфийская пыльца,14.88
87,88,Фалькония,Эльфийская пыльца,14.92
88,89,Фалькония,Эльфийская пыльца,14.92
89,90,Фалькония,Эльфийская пыльца,14.92
0,1,Фалькония,Эстус,13.73
1,2,Фалькония,Эстус,13.73
2,3,Фалькония,Эстус,13.73
3,4,Фалькония,Эстус,13.8
4,5,Фалькония,Эстус,13.8
5,6,Фалькония,Эстус,13.8
6,7,Фалькония,Эстус,13.84
7,8,Фалькония,Эстус,13.84
8,9,Фалькония,Эстус,13.84
9,10,Фалькония,Эстус,13.88
10,11,Фалькония,Эстус,13.88
11,12,Фалькония,Эстус,13.88
12,13,Фалькония,Эстус,13.91
13,14,Фалькония,Эстус,13.91
14,15,Фалькония,Эстус,13.91
15,16,Фалькония,Эстус,13.91
16,17,Фалькония,Эстус,13.91
17,18,Фалькония,Эстус,13.91
18,19,Фалькония,Эстус,13.96
19,20,Фалькония,Эстус,13.96
20,21,Фалькония,Эстус,13.96
21,22,Фалькония,Эстус,14.05
22,23,Фалькония,Эстус,14.05
23,24,Фалькония,Эстус,14.05
24,25,Фалькония,Эстус,14.12
25,26,Фалькония,Эстус,14.12
26,27,Фалькония,Эстус,14.12
27,28,Фалькония,Эстус,14.15
28,29,Фалькония,Эстус,14.15
29,30,Фалькония,Эстус,14.15
30,31,Фалькония,Эстус,14.19
31,32,Фалькония,Эстус,14.19
32,33,Фалькония,Эстус,14.19
33,34,Фалькония,Эстус,14.23
34,35,Фалькония,Эстус,14.23
35,36,Фалькония,Эстус,14.23
36,37,Фалькония,Эстус,14.27
37,38,Фалькония,Эстус,14.27
38,39,Фалькония,Эстус,14.27
39,40,Фалькония,Эстус,14.31
40,41,Фалькония,Эстус,14.31
41,42,Фалькония,Эстус,14.31
42,43,Фалькония,Эстус,14.34
43,44,Фалькония,Эстус,14.34
44,45,Фалькония,Эстус,14.34
45,46,Фалькония,Эстус,14.39
46,47,Фалькония,Эстус,14.39
47,48,Фалькония,Эстус,14.39
48,49,Фалькония,Эстус,14.45
49,50,Фалькония,Эстус,14.45
50,51,Фалькония,Эстус,14.45
51,52,Фалькония,Эстус,14.48
52,53,Фалькония,Эстус,14.48
53,54,Фалькония,Эстус,14.48
54,55,Фалькония,Эстус,14.51
55,56,Фалькония,Эстус,14.51
56,57,Фалькония,Эстус,14.51
57,58,Фалькония,Эстус,14.56
58,59,Фалькония,Эстус,14.56
59,60,Фалькония,Эстус,14.56
60,61,Фалькония,Эстус,14.59
61,62,Фалькония,Эстус,14.59
62,63,Фалькония,Эстус,14.59
63,64,Фалькония,Эстус,14.63
64,65,Фалькония,Эстус,14.63
65,66,Фалькония,Эстус,14.63
66,67,Фалькония,Эстус,14.69
67,68,Фалькония,Эстус,14.69
68,69,Фалькония,Эстус,14.69
69,70,Фалькония,Эстус,14.73
70,71,Фалькония,Эстус,14.73
71,72,Фалькония,Эстус,14.73
72,73,Фалькония,Эстус,14.78
73,74,Фалькония,Эстус,14.78
74,75,Фалькония,Эстус,14.78
75,76,Фалькония,Эстус,14.81
76,77,Фалькония,Эстус,14.81
77,78,Фалькония,Эстус,14.81
78,79,Фалькония,Эстус,14.83
79,80,Фалькония,Эстус,14.83
80,81,Фалькония,Эстус,14.83
81,82,Фалькония,Эстус,14.86
82,83,Фалькония,Эстус,14.86
83,84,Фалькония,Эстус,14.86
84,85,Фалькония,Эстус,14.88
85,86,Фалькония,Эстус,14.88
86,87,Фалькония,Эстус,14.88
87,88,Фалькония,Эстус,14.92
88,89,Фалькония,Эстус,14.92
89,90,Фалькония,Эстус,14.92
