,date,place,product,price
0,2218-09-28,Анор Лондо,Целебные травы,13.73
1,2218-09-29,Анор Лондо,Целебные травы,13.73
2,2218-09-30,Анор Лондо,Целебные травы,13.73
3,2218-10-01,Анор Лондо,Целебные травы,13.8
4,2218-10-02,Анор Лондо,Целебные травы,13.8
5,2218-10-03,Анор Лондо,Целебные травы,13.8
6,2218-10-04,Анор Лондо,Целебные травы,13.84
7,2218-10-05,Анор Лондо,Целебные травы,13.84
8,2218-10-06,Анор Лондо,Целебные травы,13.84
9,2218-10-07,Анор Лондо,Целебные травы,13.88
10,2218-10-08,Анор Лондо,Целебные травы,13.88
11,2218-10-09,Анор Лондо,Целебные травы,13.88
12,2218-10-10,Анор Лондо,Целебные травы,13.91
13,2218-10-11,Анор Лондо,Целебные травы,13.91
14,2218-10-12,Анор Лондо,Целебные травы,13.91
15,2218-10-13,Анор Лондо,Целебные травы,13.91
16,2218-10-14,Анор Лондо,Целебные травы,13.91
17,2218-10-15,Анор Лондо,Целебные травы,13.91
18,2218-10-16,Анор Лондо,Целебные травы,13.96
19,2218-10-17,Анор Лондо,Целебные травы,13.96
20,2218-10-18,Анор Лондо,Целебные травы,13.96
21,2218-10-19,Анор Лондо,Целебные травы,14.05
22,2218-10-20,Анор Лондо,Целебные травы,14.05
23,2218-10-21,Анор Лондо,Целебные травы,14.05
24,2218-10-22,Анор Лондо,Целебные травы,14.12
25,2218-10-23,Анор Лондо,Целебные травы,14.12
26,2218-10-24,Анор Лондо,Целебные травы,14.12
27,2218-10-25,Анор Лондо,Целебные травы,14.15
28,2218-10-26,Анор Лондо,Целебные травы,14.15
29,2218-10-27,Анор Лондо,Целебные травы,14.15
30,2218-10-28,Анор Лондо,Целебные травы,14.19
31,2218-10-29,Анор Лондо,Целебные травы,14.19
32,2218-10-30,Анор Лондо,Целебные травы,14.19
33,2218-10-31,Анор Лондо,Целебные травы,14.23
34,2218-11-01,Анор Лондо,Целебные травы,14.23
35,2218-11-02,Анор Лондо,Целебные травы,14.23
36,2218-11-03,Анор Лондо,Целебные травы,14.27
37,2218-11-04,Анор Лондо,Целебные травы,14.27
38,2218-11-05,Анор Лондо,Целебные травы,14.27
39,2218-11-06,Анор Лондо,Целебные травы,14.31
40,2218-11-07,Анор Лондо,Целебные травы,14.31
41,2218-11-08,Анор Лондо,Целебные травы,14.31
42,2218-11-09,Анор Лондо,Целебные травы,14.34
43,2218-11-10,Анор Лондо,Целебные травы,14.34
44,2218-11-11,Анор Лондо,Целебные травы,14.34
45,2218-11-12,Анор Лондо,Целебные травы,14.39
46,2218-11-13,Анор Лондо,Целебные травы,14.39
47,2218-11-14,Анор Лондо,Целебные травы,14.39
48,2218-11-15,Анор Лондо,Целебные травы,14.45
49,2218-11-16,Анор Лондо,Целебные травы,14.45
50,2218-11-17,Анор Лондо,Целебные травы,14.45
51,2218-11-18,Анор Лондо,Целебные травы,14.48
52,2218-11-19,Анор Лондо,Целебные травы,14.48
53,2218-11-20,Анор Лондо,Целебные травы,14.48
54,2218-11-21,Анор Лондо,Целебные травы,14.51
55,2218-11-22,Анор Лондо,Целебные травы,14.51
56,2218-11-23,Анор Лондо,Целебные травы,14.51
57,2218-11-24,Анор Лондо,Целебные травы,14.56
58,2218-11-25,Анор Лондо,Целебные травы,14.56
59,2218-11-26,Анор Лондо,Целебные травы,14.56
60,2218-11-27,Анор Лондо,Целебные травы,14.59
61,2218-11-28,Анор Лондо,Целебные травы,14.59
62,2218-11-29,Анор Лондо,Целебные травы,14.59
63,2218-11-30,Анор Лондо,Целебные травы,14.63
64,2218-12-01,Анор Лондо,Целебные травы,14.63
65,2218-12-02,Анор Лондо,Целебные травы,14.63
66,2218-12-03,Анор Лондо,Целебные травы,14.69
67,2218-12-04,Анор Лондо,Целебные травы,14.69
68,2218-12-05,Анор Лондо,Целебные травы,14.69
69,2218-12-06,Анор Лондо,Целебные травы,14.73
70,2218-12-07,Анор Лондо,Целебные травы,14.73
71,2218-12-08,Анор Лондо,Целебные травы,14.73
72,2218-12-09,Анор Лондо,Целебные травы,14.78
73,2218-12-10,Анор Лондо,Целебные травы,14.78
74,2218-12-11,Анор Лондо,Целебные травы,14.78
75,2218-12-12,Анор Лондо,Целебные травы,14.81
76,2218-12-13,Анор Лондо,Целебные травы,14.81
77,2218-12-14,Анор Лондо,Целебные травы,14.81
78,2218-12-15,Анор Лондо,Целебные травы,14.83
79,2218-12-16,Анор Лондо,Целебные травы,14.83
80,2218-12-17,Анор Лондо,Целебные травы,14.83
81,2218-12-18,Анор Лондо,Целебные травы,14.86
82,2218-12-19,Анор Лондо,Целебные травы,14.86
83,2218-12-20,Анор Лондо,Целебные травы,14.86
84,2218-12-21,Анор Лондо,Целебные травы,14.88
85,2218-12-22,Анор Лондо,Целебные травы,14.88
86,2218-12-23,Анор Лондо,Целебные травы,14.88
87,2218-12-24,Анор Лондо,Целебные травы,14.92
88,2218-12-25,Анор Лондо,Целебные травы,14.92
89,2218-12-26,Анор Лондо,Целебные травы,14.92
90,2218-12-27,Анор Лондо,Целебные травы,14.96
0,2218-09-28,Анор Лондо,Эльфийская пыльца,19.08
1,2218-09-29,Анор Лондо,Эльфийская пыльца,19.08
2,2218-09-30,Анор Лондо,Эльфийская пыльца,19.08
3,2218-10-01,Анор Лондо,Эльфийская пыльца,19.35
4,2218-10-02,Анор Лондо,Эльфийская пыльца,19.35
5,2218-10-03,Анор Лондо,Эльфийская пыльца,19.35
6,2218-10-04,Анор Лондо,Эльфийская пыльца,19.42
7,2218-10-05,Анор Лондо,Эльфийская пыльца,19.42
8,2218-10-06,Анор Лондо,Эльфийская пыльца,19.42
9,2218-10-07,Анор Лондо,Эльфийская пыльца,19.45
10,2218-10-08,Анор Лондо,Эльфийская пыльца,19.45
11,2218-10-09,Анор Лондо,Эльфийская пыльца,19.45
12,2218-10-10,Анор Лондо,Эльфийская пыльца,19.48
13,2218-10-11,Анор Лондо,Эльфийская пыльца,19.48
14,2218-10-12,Анор Лондо,Эльфийская пыльца,19.48
15,2218-10-13,Анор Лондо,Эльфийская пыльца,19.58
16,2218-10-14,Анор Лондо,Эльфийская пыльца,19.58
17,2218-10-15,Анор Лондо,Эльфийская пыльца,19.58
18,2218-10-16,Анор Лондо,Эльфийская пыльца,19.61
19,2218-10-17,Анор Лондо,Эльфийская пыльца,19.61
20,2218-10-18,Анор Лондо,Эльфийская пыльца,19.61
21,2218-10-19,Анор Лондо,Эльфийская пыльца,19.66
22,2218-10-20,Анор Лондо,Эльфийская пыльца,19.66
23,2218-10-21,Анор Лондо,Эльфийская пыльца,19.66
24,2218-10-22,Анор Лондо,Эльфийская пыльца,19.73
25,2218-10-23,Анор Лондо,Эльфийская пыльца,19.73
26,2218-10-24,Анор Лондо,Эльфийская пыльца,19.73
27,2218-10-25,Анор Лондо,Эльфийская пыльца,19.81
28,2218-10-26,Анор Лондо,Эльфийская пыльца,19.81
29,2218-10-27,Анор Лондо,Эльфийская пыльца,19.81
30,2218-10-28,Анор Лондо,Эльфийская пыльца,19.84
31,2218-10-29,Анор Лондо,Эльфийская пыльца,19.84
32,2218-10-30,Анор Лондо,Эльфийская пыльца,19.84
33,2218-10-31,Анор Лондо,Эльфийская пыльца,19.82
34,2218-11-01,Анор Лондо,Эльфийская пыльца,19.82
35,2218-11-02,Анор Лондо,Эльфийская пыльца,19.82
36,2218-11-03,Анор Лондо,Эльфийская пыльца,19.82
37,2218-11-04,Анор Лондо,Эльфийская пыльца,19.82
38,2218-11-05,Анор Лондо,Эльфийская пыльца,19.82
39,2218-11-06,Анор Лондо,Эльфийская пыльца,19.86
40,2218-11-07,Анор Лондо,Эльфийская пыльца,19.86
41,2218-11-08,Анор Лондо,Эльфийская пыльца,19.86
42,2218-11-09,Анор Лондо,Эльфийская пыльца,19.94
43,2218-11-10,Анор Лондо,Эльфийская пыльца,19.94
44,2218-11-11,Анор Лондо,Эльфийская пыльца,19.94
45,2218-11-12,Анор Лондо,Эльфийская пыльца,20.02
46,2218-11-13,Анор Лондо,Эльфийская пыльца,20.02
47,2218-11-14,Анор Лондо,Эльфийская пыльца,20.02
48,2218-11-15,Анор Лондо,Эльфийская пыльца,20.06
49,2218-11-16,Анор Лондо,Эльфийская пыльца,20.06
50,2218-11-17,Анор Лондо,Эльфийская пыльца,20.06
51,2218-11-18,Анор Лондо,Эльфийская пыльца,20.1
52,2218-11-19,Анор Лондо,Эльфийская пыльца,20.1
53,2218-11-20,Анор Лондо,Эльфийская пыльца,20.1
54,2218-11-21,Анор Лондо,Эльфийская пыльца,20.13
55,2218-11-22,Анор Лондо,Эльфийская пыльца,20.13
56,2218-11-23,Анор Лондо,Эльфийская пыльца,20.13
57,2218-11-24,Анор Лондо,Эльфийская пыльца,20.15
58,2218-11-25,Анор Лондо,Эльфийская пыльца,20.15
59,2218-11-26,Анор Лондо,Эльфийская пыльца,20.15
60,2218-11-27,Анор Лондо,Эльфийская пыльца,20.2
61,2218-11-28,Анор Лондо,Эльфийская пыльца,20.2
62,2218-11-29,Анор Лондо,Эльфийская пыльца,20.2
63,2218-11-30,Анор Лондо,Эльфийская пыльца,20.28
64,2218-12-01,Анор Лондо,Эльфийская пыльца,20.28
65,2218-12-02,Анор Лондо,Эльфийская пыльца,20.28
66,2218-12-03,Анор Лондо,Эльфийская пыльца,20.32
67,2218-12-04,Анор Лондо,Эльфийская пыльца,20.32
68,2218-12-05,Анор Лондо,Эльфийская пыльца,20.32
69,2218-12-06,Анор Лондо,Эльфийская пыльца,20.36
70,2218-12-07,Анор Лондо,Эльфийская пыльца,20.36
71,2218-12-08,Анор Лондо,Эльфийская пыльца,20.36
72,2218-12-09,Анор Лондо,Эльфийская пыльца,20.38
73,2218-12-10,Анор Лондо,Эльфийская пыльца,20.38
74,2218-12-11,Анор Лондо,Эльфийская пыльца,20.38
75,2218-12-12,Анор Лондо,Эльфийская пыльца,20.44
76,2218-12-13,Анор Лондо,Эльфийская пыльца,20.44
77,2218-12-14,Анор Лондо,Эльфийская пыльца,20.44
78,2218-12-15,Анор Лондо,Эльфийская пыльца,20.49
79,2218-12-16,Анор Лондо,Эльфийская пыльца,20.49
80,2218-12-17,Анор Лондо,Эльфийская пыльца,20.49
81,2218-12-18,Анор Лондо,Эльфийская пыльца,20.54
82,2218-12-19,Анор Лондо,Эльфийская пыльца,20.54
83,2218-12-20,Анор Лондо,Эльфийская пыльца,20.54
84,2218-12-21,Анор Лондо,Эльфийская пыльца,20.57
85,2218-12-22,Анор Лондо,Эльфийская пыльца,20.57
86,2218-12-23,Анор Лондо,Эльфийская пыльца,20.57
87,2218-12-24,Анор Лондо,Эльфийская пыльца,20.62
88,2218-12-25,Анор Лондо,Эльфийская пыльца,20.62
89,2218-12-26,Анор Лондо,Эльфийская пыльца,20.62
90,2218-12-27,Анор Лондо,Эльфийская пыльца,20.66
0,2218-09-28,Анор Лондо,Эстус,10.74
1,2218-09-29,Анор Лондо,Эстус,10.74
2,2218-09-30,Анор Лондо,Эстус,10.74
3,2218-10-01,Анор Лондо,Эстус,10.8
4,2218-10-02,Анор Лондо,Эстус,10.8
5,2218-10-03,Анор Лондо,Эстус,10.8
6,2218-10-04,Анор Лондо,Эстус,10.84
7,2218-10-05,Анор Лондо,Эстус,10.84
8,2218-10-06,Анор Лондо,Эстус,10.84
9,2218-10-07,Анор Лондо,Эстус,10.91
10,2218-10-08,Анор Лондо,Эстус,10.91
11,2218-10-09,Анор Лондо,Эстус,10.91
12,2218-10-10,Анор Лондо,Эстус,10.96
13,2218-10-11,Анор Лондо,Эстус,10.96
14,2218-10-12,Анор Лондо,Эстус,10.96
15,2218-10-13,Анор Лондо,Эстус,11.0
16,2218-10-14,Анор Лондо,Эстус,11.0
17,2218-10-15,Анор Лондо,Эстус,11.0
18,2218-10-16,Анор Лондо,Эстус,11.05
19,2218-10-17,Анор Лондо,Эстус,11.05
20,2218-10-18,Анор Лондо,Эстус,11.05
21,2218-10-19,Анор Лондо,Эстус,11.18
22,2218-10-20,Анор Лондо,Эстус,11.18
23,2218-10-21,Анор Лондо,Эстус,11.18
24,2218-10-22,Анор Лондо,Эстус,11.33
25,2218-10-23,Анор Лондо,Эстус,11.33
26,2218-10-24,Анор Лондо,Эстус,11.33
27,2218-10-25,Анор Лондо,Эстус,11.41
28,2218-10-26,Анор Лондо,Эстус,11.41
29,2218-10-27,Анор Лондо,Эстус,11.41
30,2218-10-28,Анор Лондо,Эстус,11.48
31,2218-10-29,Анор Лондо,Эстус,11.48
32,2218-10-30,Анор Лондо,Эстус,11.48
33,2218-10-31,Анор Лондо,Эстус,11.57
34,2218-11-01,Анор Лондо,Эстус,11.57
35,2218-11-02,Анор Лондо,Эстус,11.57
36,2218-11-03,Анор Лондо,Эстус,11.67
37,2218-11-04,Анор Лондо,Эстус,11.67
38,2218-11-05,Анор Лондо,Эстус,11.67
39,2218-11-06,Анор Лондо,Эстус,11.75
40,2218-11-07,Анор Лондо,Эстус,11.75
41,2218-11-08,Анор Лондо,Эстус,11.75
42,2218-11-09,Анор Лондо,Эстус,11.78
43,2218-11-10,Анор Лондо,Эстус,11.78
44,2218-11-11,Анор Лондо,Эстус,11.78
45,2218-11-12,Анор Лондо,Эстус,11.83
46,2218-11-13,Анор Лондо,Эстус,11.83
47,2218-11-14,Анор Лондо,Эстус,11.83
48,2218-11-15,Анор Лондо,Эстус,11.87
49,2218-11-16,Анор Лондо,Эстус,11.87
50,2218-11-17,Анор Лондо,Эстус,11.87
51,2218-11-18,Анор Лондо,Эстус,11.93
52,2218-11-19,Анор Лондо,Эстус,11.93
53,2218-11-20,Анор Лондо,Эстус,11.93
54,2218-11-21,Анор Лондо,Эстус,12.01
55,2218-11-22,Анор Лондо,Эстус,12.01
56,2218-11-23,Анор Лондо,Эстус,12.01
57,2218-11-24,Анор Лондо,Эстус,12.2
58,2218-11-25,Анор Лондо,Эстус,12.2
59,2218-11-26,Анор Лондо,Эстус,12.2
60,2218-11-27,Анор Лондо,Эстус,12.38
61,2218-11-28,Анор Лондо,Эстус,12.38
62,2218-11-29,Анор Лондо,Эстус,12.38
63,2218-11-30,Анор Лондо,Эстус,12.61
64,2218-12-01,Анор Лондо,Эстус,12.61
65,2218-12-02,Анор Лондо,Эстус,12.61
66,2218-12-03,Анор Лондо,Эстус,12.81
67,2218-12-04,Анор Лондо,Эстус,12.81
68,2218-12-05,Анор Лондо,Эстус,12.81
69,2218-12-06,Анор Лондо,Эстус,12.84
70,2218-12-07,Анор Лондо,Эстус,12.84
71,2218-12-08,Анор Лондо,Эстус,12.84
72,2218-12-09,Анор Лондо,Эстус,12.9
73,2218-12-10,Анор Лондо,Эстус,12.9
74,2218-12-11,Анор Лондо,Эстус,12.9
75,2218-12-12,Анор Лондо,Эстус,13.01
76,2218-12-13,Анор Лондо,Эстус,13.01
77,2218-12-14,Анор Лондо,Эстус,13.01
78,2218-12-15,Анор Лондо,Эстус,13.15
79,2218-12-16,Анор Лондо,Эстус,13.15
80,2218-12-17,Анор Лондо,Эстус,13.15
81,2218-12-18,Анор Лондо,Эстус,13.21
82,2218-12-19,Анор Лондо,Эстус,13.21
83,2218-12-20,Анор Лондо,Эстус,13.21
84,2218-12-21,Анор Лондо,Эстус,13.34
85,2218-12-22,Анор Лондо,Эстус,13.34
86,2218-12-23,Анор Лондо,Эстус,13.34
87,2218-12-24,Анор Лондо,Эстус,13.46
88,2218-12-25,Анор Лондо,Эстус,13.46
89,2218-12-26,Анор Лондо,Эстус,13.46
90,2218-12-27,Анор Лондо,Эстус,13.52
0,2218-09-28,Врата Балдура,Целебные травы,16.12
1,2218-09-29,Врата Балдура,Целебные травы,16.12
2,2218-09-30,Врата Балдура,Целебные травы,16.12
3,2218-10-01,Врата Балдура,Целебные травы,16.12
4,2218-10-02,Врата Балдура,Целебные травы,16.12
5,2218-10-03,Врата Балдура,Целебные травы,16.12
6,2218-10-04,Врата Балдура,Целебные травы,16.11
7,2218-10-05,Врата Балдура,Целебные травы,16.11
8,2218-10-06,Врата Балдура,Целебные травы,16.11
9,2218-10-07,Врата Балдура,Целебные травы,16.14
10,2218-10-08,Врата Балдура,Целебные травы,16.14
11,2218-10-09,Врата Балдура,Целебные травы,16.14
12,2218-10-10,Врата Балдура,Целебные травы,16.18
13,2218-10-11,Врата Балдура,Целебные травы,16.18
14,2218-10-12,Врата Балдура,Целебные травы,16.18
15,2218-10-13,Врата Балдура,Целебные травы,16.23
16,2218-10-14,Врата Балдура,Целебные травы,16.23
17,2218-10-15,Врата Балдура,Целебные травы,16.23
18,2218-10-16,Врата Балдура,Целебные травы,16.26
19,2218-10-17,Врата Балдура,Целебные травы,16.26
20,2218-10-18,Врата Балдура,Целебные травы,16.26
21,2218-10-19,Врата Балдура,Целебные травы,16.3
22,2218-10-20,Врата Балдура,Целебные травы,16.3
23,2218-10-21,Врата Балдура,Целебные травы,16.3
24,2218-10-22,Врата Балдура,Целебные травы,16.33
25,2218-10-23,Врата Балдура,Целебные травы,16.33
26,2218-10-24,Врата Балдура,Целебные травы,16.33
27,2218-10-25,Врата Балдура,Целебные травы,16.37
28,2218-10-26,Врата Балдура,Целебные травы,16.37
29,2218-10-27,Врата Балдура,Целебные травы,16.37
30,2218-10-28,Врата Балдура,Целебные травы,16.41
31,2218-10-29,Врата Балдура,Целебные травы,16.41
32,2218-10-30,Врата Балдура,Целебные травы,16.41
33,2218-10-31,Врата Балдура,Целебные травы,16.44
34,2218-11-01,Врата Балдура,Целебные травы,16.44
35,2218-11-02,Врата Балдура,Целебные травы,16.44
36,2218-11-03,Врата Балдура,Целебные травы,16.52
37,2218-11-04,Врата Балдура,Целебные травы,16.52
38,2218-11-05,Врата Балдура,Целебные травы,16.52
39,2218-11-06,Врата Балдура,Целебные травы,16.62
40,2218-11-07,Врата Балдура,Целебные травы,16.62
41,2218-11-08,Врата Балдура,Целебные травы,16.62
42,2218-11-09,Врата Балдура,Целебные травы,16.65
43,2218-11-10,Врата Балдура,Целебные травы,16.65
44,2218-11-11,Врата Балдура,Целебные травы,16.65
45,2218-11-12,Врата Балдура,Целебные травы,16.66
46,2218-11-13,Врата Балдура,Целебные травы,16.66
47,2218-11-14,Врата Балдура,Целебные травы,16.66
48,2218-11-15,Врата Балдура,Целебные травы,16.72
49,2218-11-16,Врата Балдура,Целебные травы,16.72
50,2218-11-17,Врата Балдура,Целебные травы,16.72
51,2218-11-18,Врата Балдура,Целебные травы,16.76
52,2218-11-19,Врата Балдура,Целебные травы,16.76
53,2218-11-20,Врата Балдура,Целебные травы,16.76
54,2218-11-21,Врата Балдура,Целебные травы,16.79
55,2218-11-22,Врата Балдура,Целебные травы,16.79
56,2218-11-23,Врата Балдура,Целебные травы,16.79
57,2218-11-24,Врата Балдура,Целебные травы,16.8
58,2218-11-25,Врата Балдура,Целебные травы,16.8
59,2218-11-26,Врата Балдура,Целебные травы,16.8
60,2218-11-27,Врата Балдура,Целебные травы,16.83
61,2218-11-28,Врата Балдура,Целебные травы,16.83
62,2218-11-29,Врата Балдура,Целебные травы,16.83
63,2218-11-30,Врата Балдура,Целебные травы,16.81
64,2218-12-01,Врата Балдура,Целебные травы,16.81
65,2218-12-02,Врата Балдура,Целебные травы,16.81
66,2218-12-03,Врата Балдура,Целебные травы,16.81
67,2218-12-04,Врата Балдура,Целебные травы,16.81
68,2218-12-05,Врата Балдура,Целебные травы,16.81
69,2218-12-06,Врата Балдура,Целебные травы,16.83
70,2218-12-07,Врата Балдура,Целебные травы,16.83
71,2218-12-08,Врата Балдура,Целебные травы,16.83
72,2218-12-09,Врата Балдура,Целебные травы,16.88
73,2218-12-10,Врата Балдура,Целебные травы,16.88
74,2218-12-11,Врата Балдура,Целебные травы,16.88
75,2218-12-12,Врата Балдура,Целебные травы,16.92
76,2218-12-13,Врата Балдура,Целебные травы,16.92
77,2218-12-14,Врата Балдура,Целебные травы,16.92
78,2218-12-15,Врата Балдура,Целебные травы,16.95
79,2218-12-16,Врата Балдура,Целебные травы,16.95
80,2218-12-17,Врата Балдура,Целебные травы,16.95
81,2218-12-18,Врата Балдура,Целебные травы,16.99
82,2218-12-19,Врата Балдура,Целебные травы,16.99
83,2218-12-20,Врата Балдура,Целебные травы,16.99
84,2218-12-21,Врата Балдура,Целебные травы,17.02
85,2218-12-22,Врата Балдура,Целебные травы,17.02
86,2218-12-23,Врата Балдура,Целебные травы,17.02
87,2218-12-24,Врата Балдура,Целебные травы,17.06
88,2218-12-25,Врата Балдура,Целебные травы,17.06
89,2218-12-26,Врата Балдура,Целебные травы,17.06
90,2218-12-27,Врата Балдура,Целебные травы,17.08
0,2218-09-28,Врата Балдура,Эльфийская пыльца,27.51
1,2218-09-29,Врата Балдура,Эльфийская пыльца,27.51
2,2218-09-30,Врата Балдура,Эльфийская пыльца,27.51
3,2218-10-01,Врата Балдура,Эльфийская пыльца,27.57
4,2218-10-02,Врата Балдура,Эльфийская пыльца,27.57
5,2218-10-03,Врата Балдура,Эльфийская пыльца,27.57
6,2218-10-04,Врата Балдура,Эльфийская пыльца,27.62
7,2218-10-05,Врата Балдура,Эльфийская пыльца,27.62
8,2218-10-06,Врата Балдура,Эльфийская пыльца,27.62
9,2218-10-07,Врата Балдура,Эльфийская пыльца,27.72
10,2218-10-08,Врата Балдура,Эльфийская пыльца,27.72
11,2218-10-09,Врата Балдура,Эльфийская пыльца,27.72
12,2218-10-10,Врата Балдура,Эльфийская пыльца,28.01
13,2218-10-11,Врата Балдура,Эльфийская пыльца,28.01
14,2218-10-12,Врата Балдура,Эльфийская пыльца,28.01
15,2218-10-13,Врата Балдура,Эльфийская пыльца,28.07
16,2218-10-14,Врата Балдура,Эльфийская пыльца,28.07
17,2218-10-15,Врата Балдура,Эльфийская пыльца,28.07
18,2218-10-16,Врата Балдура,Эльфийская пыльца,28.09
19,2218-10-17,Врата Балдура,Эльфийская пыльца,28.09
20,2218-10-18,Врата Балдура,Эльфийская пыльца,28.09
21,2218-10-19,Врата Балдура,Эльфийская пыльца,28.14
22,2218-10-20,Врата Балдура,Эльфийская пыльца,28.14
23,2218-10-21,Врата Балдура,Эльфийская пыльца,28.14
24,2218-10-22,Врата Балдура,Эльфийская пыльца,28.19
25,2218-10-23,Врата Балдура,Эльфийская пыльца,28.19
26,2218-10-24,Врата Балдура,Эльфийская пыльца,28.19
27,2218-10-25,Врата Балдура,Эльфийская пыльца,28.29
28,2218-10-26,Врата Балдура,Эльфийская пыльца,28.29
29,2218-10-27,Врата Балдура,Эльфийская пыльца,28.29
30,2218-10-28,Врата Балдура,Эльфийская пыльца,28.38
31,2218-10-29,Врата Балдура,Эльфийская пыльца,28.38
32,2218-10-30,Врата Балдура,Эльфийская пыльца,28.38
33,2218-10-31,Врата Балдура,Эльфийская пыльца,28.44
34,2218-11-01,Врата Балдура,Эльфийская пыльца,28.44
35,2218-11-02,Врата Балдура,Эльфийская пыльца,28.44
36,2218-11-03,Врата Балдура,Эльфийская пыльца,28.45
37,2218-11-04,Врата Балдура,Эльфийская пыльца,28.45
38,2218-11-05,Врата Балдура,Эльфийская пыльца,28.45
39,2218-11-06,Врата Балдура,Эльфийская пыльца,28.51
40,2218-11-07,Врата Балдура,Эльфийская пыльца,28.51
41,2218-11-08,Врата Балдура,Эльфийская пыльца,28.51
42,2218-11-09,Врата Балдура,Эльфийская пыльца,28.6
43,2218-11-10,Врата Балдура,Эльфийская пыльца,28.6
44,2218-11-11,Врата Балдура,Эльфийская пыльца,28.6
45,2218-11-12,Врата Балдура,Эльфийская пыльца,28.67
46,2218-11-13,Врата Балдура,Эльфийская пыльца,28.67
47,2218-11-14,Врата Балдура,Эльфийская пыльца,28.67
48,2218-11-15,Врата Балдура,Эльфийская пыльца,28.73
49,2218-11-16,Врата Балдура,Эльфийская пыльца,28.73
50,2218-11-17,Врата Балдура,Эльфийская пыльца,28.73
51,2218-11-18,Врата Балдура,Эльфийская пыльца,28.76
52,2218-11-19,Врата Балдура,Эльфийская пыльца,28.76
53,2218-11-20,Врата Балдура,Эльфийская пыльца,28.76
54,2218-11-21,Врата Балдура,Эльфийская пыльца,28.8
55,2218-11-22,Врата Балдура,Эльфийская пыльца,28.8
56,2218-11-23,Врата Балдура,Эльфийская пыльца,28.8
57,2218-11-24,Врата Балдура,Эльфийская пыльца,28.86
58,2218-11-25,Врата Балдура,Эльфийская пыльца,28.86
59,2218-11-26,Врата Балдура,Эльфийская пыльца,28.86
60,2218-11-27,Врата Балдура,Эльфийская пыльца,28.94
61,2218-11-28,Врата Балдура,Эльфийская пыльца,28.94
62,2218-11-29,Врата Балдура,Эльфийская пыльца,28.94
63,2218-11-30,Врата Балдура,Эльфийская пыльца,29.0
64,2218-12-01,Врата Балдура,Эльфийская пыльца,29.0
65,2218-12-02,Врата Балдура,Эльфийская пыльца,29.0
66,2218-12-03,Врата Балдура,Эльфийская пыльца,29.05
67,2218-12-04,Врата Балдура,Эльфийская пыльца,29.05
68,2218-12-05,Врата Балдура,Эльфийская пыльца,29.05
69,2218-12-06,Врата Балдура,Эльфийская пыльца,29.09
70,2218-12-07,Врата Балдура,Эльфийская пыльца,29.09
71,2218-12-08,Врата Балдура,Эльфийская пыльца,29.09
72,2218-12-09,Врата Балдура,Эльфийская пыльца,29.14
73,2218-12-10,Врата Балдура,Эльфийская пыльца,29.14
74,2218-12-11,Врата Балдура,Эльфийская пыльца,29.14
75,2218-12-12,Врата Балдура,Эльфийская пыльца,29.2
76,2218-12-13,Врата Балдура,Эльфийская пыльца,29.2
77,2218-12-14,Врата Балдура,Эльфийская пыльца,29.2
78,2218-12-15,Врата Балдура,Эльфийская пыльца,29.3
79,2218-12-16,Врата Балдура,Эльфийская пыльца,29.3
80,2218-12-17,Врата Балдура,Эльфийская пыльца,29.3
81,2218-12-18,Врата Балдура,Эльфийская пыльца,29.35
82,2218-12-19,Врата Балдура,Эльфийская пыльца,29.35
83,2218-12-20,Врата Балдура,Эльфийская пыльца,29.35
84,2218-12-21,Врата Балдура,Эльфийская пыльца,29.39
85,2218-12-22,Врата Балдура,Эльфийская пыльца,29.39
86,2218-12-23,Врата Балдура,Эльфийская пыльца,29.39
87,2218-12-24,Врата Балдура,Эльфийская пыльца,29.44
88,2218-12-25,Врата Балдура,Эльфийская пыльца,29.44
89,2218-12-26,Врата Балдура,Эльфийская пыльца,29.44
90,2218-12-27,Врата Балдура,Эльфийская пыльца,29.48
0,2218-09-28,Врата Балдура,Эстус,20.3
1,2218-09-29,Врата Балдура,Эстус,20.3
2,2218-09-30,Врата Балдура,Эстус,20.3
3,2218-10-01,Врата Балдура,Эстус,20.32
4,2218-10-02,Врата Балдура,Эстус,20.32
5,2218-10-03,Врата Балдура,Эстус,20.32
6,2218-10-04,Врата Балдура,Эстус,20.38
7,2218-10-05,Врата Балдура,Эстус,20.38
8,2218-10-06,Врата Балдура,Эстус,20.38
9,2218-10-07,Врата Балдура,Эстус,20.46
10,2218-10-08,Врата Балдура,Эстус,20.46
11,2218-10-09,Врата Балдура,Эстус,20.46
12,2218-10-10,Врата Балдура,Эстус,20.54
13,2218-10-11,Врата Балдура,Эстус,20.54
14,2218-10-12,Врата Балдура,Эстус,20.54
15,2218-10-13,Врата Балдура,Эстус,20.58
16,2218-10-14,Врата Балдура,Эстус,20.58
17,2218-10-15,Врата Балдура,Эстус,20.58
18,2218-10-16,Врата Балдура,Эстус,20.62
19,2218-10-17,Врата Балдура,Эстус,20.62
20,2218-10-18,Врата Балдура,Эстус,20.62
21,2218-10-19,Врата Балдура,Эстус,20.68
22,2218-10-20,Врата Балдура,Эстус,20.68
23,2218-10-21,Врата Балдура,Эстус,20.68
24,2218-10-22,Врата Балдура,Эстус,20.75
25,2218-10-23,Врата Балдура,Эстус,20.75
26,2218-10-24,Врата Балдура,Эстус,20.75
27,2218-10-25,Врата Балдура,Эстус,20.81
28,2218-10-26,Врата Балдура,Эстус,20.81
29,2218-10-27,Врата Балдура,Эстус,20.81
30,2218-10-28,Врата Балдура,Эстус,20.82
31,2218-10-29,Врата Балдура,Эстус,20.82
32,2218-10-30,Врата Балдура,Эстус,20.82
33,2218-10-31,Врата Балдура,Эстус,20.84
34,2218-11-01,Врата Балдура,Эстус,20.84
35,2218-11-02,Врата Балдура,Эстус,20.84
36,2218-11-03,Врата Балдура,Эстус,20.9
37,2218-11-04,Врата Балдура,Эстус,20.9
38,2218-11-05,Врата Балдура,Эстус,20.9
39,2218-11-06,Врата Балдура,Эстус,20.93
40,2218-11-07,Врата Балдура,Эстус,20.93
41,2218-11-08,Врата Балдура,Эстус,20.93
42,2218-11-09,Врата Балдура,Эстус,20.91
43,2218-11-10,Врата Балдура,Эстус,20.91
44,2218-11-11,Врата Балдура,Эстус,20.91
45,2218-11-12,Врата Балдура,Эстус,20.95
46,2218-11-13,Врата Балдура,Эстус,20.95
47,2218-11-14,Врата Балдура,Эстус,20.95
48,2218-11-15,Врата Балдура,Эстус,21.05
49,2218-11-16,Врата Балдура,Эстус,21.05
50,2218-11-17,Врата Балдура,Эстус,21.05
51,2218-11-18,Врата Балдура,Эстус,21.11
52,2218-11-19,Врата Балдура,Эстус,21.11
53,2218-11-20,Врата Балдура,Эстус,21.11
54,2218-11-21,Врата Балдура,Эстус,21.16
55,2218-11-22,Врата Балдура,Эстус,21.16
56,2218-11-23,Врата Балдура,Эстус,21.16
57,2218-11-24,Врата Балдура,Эстус,21.22
58,2218-11-25,Врата Балдура,Эстус,21.22
59,2218-11-26,Врата Балдура,Эстус,21.22
60,2218-11-27,Врата Балдура,Эстус,21.29
61,2218-11-28,Врата Балдура,Эстус,21.29
62,2218-11-29,Врата Балдура,Эстус,21.29
63,2218-11-30,Врата Балдура,Эстус,21.32
64,2218-12-01,Врата Балдура,Эстус,21.32
65,2218-12-02,Врата Балдура,Эстус,21.32
66,2218-12-03,Врата Балдура,Эстус,21.37
67,2218-12-04,Врата Балдура,Эстус,21.37
68,2218-12-05,Врата Балдура,Эстус,21.37
69,2218-12-06,Врата Балдура,Эстус,21.44
70,2218-12-07,Врата Балдура,Эстус,21.44
71,2218-12-08,Врата Балдура,Эстус,21.44
72,2218-12-09,Врата Балдура,Эстус,21.5
73,2218-12-10,Врата Балдура,Эстус,21.5
74,2218-12-11,Врата Балдура,Эстус,21.5
75,2218-12-12,Врата Балдура,Эстус,21.57
76,2218-12-13,Врата Балдура,Эстус,21.57
77,2218-12-14,Врата Балдура,Эстус,21.57
78,2218-12-15,Врата Балдура,Эстус,21.63
79,2218-12-16,Врата Балдура,Эстус,21.63
80,2218-12-17,Врата Балдура,Эстус,21.63
81,2218-12-18,Врата Балдура,Эстус,21.68
82,2218-12-19,Врата Балдура,Эстус,21.68
83,2218-12-20,Врата Балдура,Эстус,21.68
84,2218-12-21,Врата Балдура,Эстус,21.75
85,2218-12-22,Врата Балдура,Эстус,21.75
86,2218-12-23,Врата Балдура,Эстус,21.75
87,2218-12-24,Врата Балдура,Эстус,21.8
88,2218-12-25,Врата Балдура,Эстус,21.8
89,2218-12-26,Врата Балдура,Эстус,21.8
90,2218-12-27,Врата Балдура,Эстус,21.84
0,2218-09-28,Кеджистан,Целебные травы,19.23
1,2218-09-29,Кеджистан,Целебные травы,19.23
2,2218-09-30,Кеджистан,Целебные травы,19.23
3,2218-10-01,Кеджистан,Целебные травы,19.4
4,2218-10-02,Кеджистан,Целебные травы,19.4
5,2218-10-03,Кеджистан,Целебные травы,19.4
6,2218-10-04,Кеджистан,Целебные травы,19.42
7,2218-10-05,Кеджистан,Целебные травы,19.42
8,2218-10-06,Кеджистан,Целебные травы,19.42
9,2218-10-07,Кеджистан,Целебные травы,19.52
10,2218-10-08,Кеджистан,Целебные травы,19.52
11,2218-10-09,Кеджистан,Целебные травы,19.52
12,2218-10-10,Кеджистан,Целебные травы,19.7
13,2218-10-11,Кеджистан,Целебные травы,19.7
14,2218-10-12,Кеджистан,Целебные травы,19.7
15,2218-10-13,Кеджистан,Целебные травы,19.8
16,2218-10-14,Кеджистан,Целебные травы,19.8
17,2218-10-15,Кеджистан,Целебные травы,19.8
18,2218-10-16,Кеджистан,Целебные травы,19.94
19,2218-10-17,Кеджистан,Целебные травы,19.94
20,2218-10-18,Кеджистан,Целебные травы,19.94
21,2218-10-19,Кеджистан,Целебные травы,19.96
22,2218-10-20,Кеджистан,Целебные травы,19.96
23,2218-10-21,Кеджистан,Целебные травы,19.96
24,2218-10-22,Кеджистан,Целебные травы,20.04
25,2218-10-23,Кеджистан,Целебные травы,20.04
26,2218-10-24,Кеджистан,Целебные травы,20.04
27,2218-10-25,Кеджистан,Целебные травы,20.17
28,2218-10-26,Кеджистан,Целебные травы,20.17
29,2218-10-27,Кеджистан,Целебные травы,20.17
30,2218-10-28,Кеджистан,Целебные травы,20.25
31,2218-10-29,Кеджистан,Целебные травы,20.25
32,2218-10-30,Кеджистан,Целебные травы,20.25
33,2218-10-31,Кеджистан,Целебные травы,20.3
34,2218-11-01,Кеджистан,Целебные травы,20.3
35,2218-11-02,Кеджистан,Целебные травы,20.3
36,2218-11-03,Кеджистан,Целебные травы,20.37
37,2218-11-04,Кеджистан,Целебные травы,20.37
38,2218-11-05,Кеджистан,Целебные травы,20.37
39,2218-11-06,Кеджистан,Целебные травы,20.44
40,2218-11-07,Кеджистан,Целебные травы,20.44
41,2218-11-08,Кеджистан,Целебные травы,20.44
42,2218-11-09,Кеджистан,Целебные травы,20.57
43,2218-11-10,Кеджистан,Целебные травы,20.57
44,2218-11-11,Кеджистан,Целебные травы,20.57
45,2218-11-12,Кеджистан,Целебные травы,20.71
46,2218-11-13,Кеджистан,Целебные травы,20.71
47,2218-11-14,Кеджистан,Целебные травы,20.71
48,2218-11-15,Кеджистан,Целебные травы,20.83
49,2218-11-16,Кеджистан,Целебные травы,20.83
50,2218-11-17,Кеджистан,Целебные травы,20.83
51,2218-11-18,Кеджистан,Целебные травы,20.92
52,2218-11-19,Кеджистан,Целебные травы,20.92
53,2218-11-20,Кеджистан,Целебные травы,20.92
54,2218-11-21,Кеджистан,Целебные травы,21.06
55,2218-11-22,Кеджистан,Целебные травы,21.06
56,2218-11-23,Кеджистан,Целебные травы,21.06
57,2218-11-24,Кеджистан,Целебные травы,21.18
58,2218-11-25,Кеджистан,Целебные травы,21.18
59,2218-11-26,Кеджистан,Целебные травы,21.18
60,2218-11-27,Кеджистан,Целебные травы,21.27
61,2218-11-28,Кеджистан,Целебные травы,21.27
62,2218-11-29,Кеджистан,Целебные травы,21.27
63,2218-11-30,Кеджистан,Целебные травы,21.31
64,2218-12-01,Кеджистан,Целебные травы,21.31
65,2218-12-02,Кеджистан,Целебные травы,21.31
66,2218-12-03,Кеджистан,Целебные травы,21.39
67,2218-12-04,Кеджистан,Целебные травы,21.39
68,2218-12-05,Кеджистан,Целебные травы,21.39
69,2218-12-06,Кеджистан,Целебные травы,21.44
70,2218-12-07,Кеджистан,Целебные травы,21.44
71,2218-12-08,Кеджистан,Целебные травы,21.44
72,2218-12-09,Кеджистан,Целебные травы,21.53
73,2218-12-10,Кеджистан,Целебные травы,21.53
74,2218-12-11,Кеджистан,Целебные травы,21.53
75,2218-12-12,Кеджистан,Целебные травы,21.62
76,2218-12-13,Кеджистан,Целебные травы,21.62
77,2218-12-14,Кеджистан,Целебные травы,21.62
78,2218-12-15,Кеджистан,Целебные травы,21.69
79,2218-12-16,Кеджистан,Целебные травы,21.69
80,2218-12-17,Кеджистан,Целебные травы,21.69
81,2218-12-18,Кеджистан,Целебные травы,21.76
82,2218-12-19,Кеджистан,Целебные травы,21.76
83,2218-12-20,Кеджистан,Целебные травы,21.76
84,2218-12-21,Кеджистан,Целебные травы,21.85
85,2218-12-22,Кеджистан,Целебные травы,21.85
86,2218-12-23,Кеджистан,Целебные травы,21.85
87,2218-12-24,Кеджистан,Целебные травы,21.96
88,2218-12-25,Кеджистан,Целебные травы,21.96
89,2218-12-26,Кеджистан,Целебные травы,21.96
90,2218-12-27,Кеджистан,Целебные травы,22.04
0,2218-09-28,Кеджистан,Эльфийская пыльца,31.32
1,2218-09-29,Кеджистан,Эльфийская пыльца,31.32
2,2218-09-30,Кеджистан,Эльфийская пыльца,31.32
3,2218-10-01,Кеджистан,Эльфийская пыльца,31.35
4,2218-10-02,Кеджистан,Эльфийская пыльца,31.35
5,2218-10-03,Кеджистан,Эльфийская пыльца,31.35
6,2218-10-04,Кеджистан,Эльфийская пыльца,31.43
7,2218-10-05,Кеджистан,Эльфийская пыльца,31.43
8,2218-10-06,Кеджистан,Эльфийская пыльца,31.43
9,2218-10-07,Кеджистан,Эльфийская пыльца,31.6
10,2218-10-08,Кеджистан,Эльфийская пыльца,31.6
11,2218-10-09,Кеджистан,Эльфийская пыльца,31.6
12,2218-10-10,Кеджистан,Эльфийская пыльца,31.74
13,2218-10-11,Кеджистан,Эльфийская пыльца,31.74
14,2218-10-12,Кеджистан,Эльфийская пыльца,31.74
15,2218-10-13,Кеджистан,Эльфийская пыльца,31.85
16,2218-10-14,Кеджистан,Эльфийская пыльца,31.85
17,2218-10-15,Кеджистан,Эльфийская пыльца,31.85
18,2218-10-16,Кеджистан,Эльфийская пыльца,31.95
19,2218-10-17,Кеджистан,Эльфийская пыльца,31.95
20,2218-10-18,Кеджистан,Эльфийская пыльца,31.95
21,2218-10-19,Кеджистан,Эльфийская пыльца,32.13
22,2218-10-20,Кеджистан,Эльфийская пыльца,32.13
23,2218-10-21,Кеджистан,Эльфийская пыльца,32.13
24,2218-10-22,Кеджистан,Эльфийская пыльца,32.38
25,2218-10-23,Кеджистан,Эльфийская пыльца,32.38
26,2218-10-24,Кеджистан,Эльфийская пыльца,32.38
27,2218-10-25,Кеджистан,Эльфийская пыльца,32.59
28,2218-10-26,Кеджистан,Эльфийская пыльца,32.59
29,2218-10-27,Кеджистан,Эльфийская пыльца,32.59
30,2218-10-28,Кеджистан,Эльфийская пыльца,32.73
31,2218-10-29,Кеджистан,Эльфийская пыльца,32.73
32,2218-10-30,Кеджистан,Эльфийская пыльца,32.73
33,2218-10-31,Кеджистан,Эльфийская пыльца,32.88
34,2218-11-01,Кеджистан,Эльфийская пыльца,32.88
35,2218-11-02,Кеджистан,Эльфийская пыльца,32.88
36,2218-11-03,Кеджистан,Эльфийская пыльца,33.03
37,2218-11-04,Кеджистан,Эльфийская пыльца,33.03
38,2218-11-05,Кеджистан,Эльфийская пыльца,33.03
39,2218-11-06,Кеджистан,Эльфийская пыльца,33.2
40,2218-11-07,Кеджистан,Эльфийская пыльца,33.2
41,2218-11-08,Кеджистан,Эльфийская пыльца,33.2
42,2218-11-09,Кеджистан,Эльфийская пыльца,33.32
43,2218-11-10,Кеджистан,Эльфийская пыльца,33.32
44,2218-11-11,Кеджистан,Эльфийская пыльца,33.32
45,2218-11-12,Кеджистан,Эльфийская пыльца,33.52
46,2218-11-13,Кеджистан,Эльфийская пыльца,33.52
47,2218-11-14,Кеджистан,Эльфийская пыльца,33.52
48,2218-11-15,Кеджистан,Эльфийская пыльца,33.64
49,2218-11-16,Кеджистан,Эльфийская пыльца,33.64
50,2218-11-17,Кеджистан,Эльфийская пыльца,33.64
51,2218-11-18,Кеджистан,Эльфийская пыльца,33.76
52,2218-11-19,Кеджистан,Эльфийская пыльца,33.76
53,2218-11-20,Кеджистан,Эльфийская пыльца,33.76
54,2218-11-21,Кеджистан,Эльфийская пыльца,33.91
55,2218-11-22,Кеджистан,Эльфийская пыльца,33.91
56,2218-11-23,Кеджистан,Эльфийская пыльца,33.91
57,2218-11-24,Кеджистан,Эльфийская пыльца,34.06
58,2218-11-25,Кеджистан,Эльфийская пыльца,34.06
59,2218-11-26,Кеджистан,Эльфийская пыльца,34.06
60,2218-11-27,Кеджистан,Эльфийская пыльца,34.22
61,2218-11-28,Кеджистан,Эльфийская пыльца,34.22
62,2218-11-29,Кеджистан,Эльфийская пыльца,34.22
63,2218-11-30,Кеджистан,Эльфийская пыльца,34.34
64,2218-12-01,Кеджистан,Эльфийская пыльца,34.34
65,2218-12-02,Кеджистан,Эльфийская пыльца,34.34
66,2218-12-03,Кеджистан,Эльфийская пыльца,34.45
67,2218-12-04,Кеджистан,Эльфийская пыльца,34.45
68,2218-12-05,Кеджистан,Эльфийская пыльца,34.45
69,2218-12-06,Кеджистан,Эльфийская пыльца,34.56
70,2218-12-07,Кеджистан,Эльфийская пыльца,34.56
71,2218-12-08,Кеджистан,Эльфийская пыльца,34.56
72,2218-12-09,Кеджистан,Эльфийская пыльца,34.73
73,2218-12-10,Кеджистан,Эльфийская пыльца,34.73
74,2218-12-11,Кеджистан,Эльфийская пыльца,34.73
75,2218-12-12,Кеджистан,Эльфийская пыльца,34.88
76,2218-12-13,Кеджистан,Эльфийская пыльца,34.88
77,2218-12-14,Кеджистан,Эльфийская пыльца,34.88
78,2218-12-15,Кеджистан,Эльфийская пыльца,35.03
79,2218-12-16,Кеджистан,Эльфийская пыльца,35.03
80,2218-12-17,Кеджистан,Эльфийская пыльца,35.03
81,2218-12-18,Кеджистан,Эльфийская пыльца,35.16
82,2218-12-19,Кеджистан,Эльфийская пыльца,35.16
83,2218-12-20,Кеджистан,Эльфийская пыльца,35.16
84,2218-12-21,Кеджистан,Эльфийская пыльца,35.3
85,2218-12-22,Кеджистан,Эльфийская пыльца,35.3
86,2218-12-23,Кеджистан,Эльфийская пыльца,35.3
87,2218-12-24,Кеджистан,Эльфийская пыльца,35.42
88,2218-12-25,Кеджистан,Эльфийская пыльца,35.42
89,2218-12-26,Кеджистан,Эльфийская пыльца,35.42
90,2218-12-27,Кеджистан,Эльфийская пыльца,35.5
0,2218-09-28,Кеджистан,Эстус,24.57
1,2218-09-29,Кеджистан,Эстус,24.57
2,2218-09-30,Кеджистан,Эстус,24.57
3,2218-10-01,Кеджистан,Эстус,24.69
4,2218-10-02,Кеджистан,Эстус,24.69
5,2218-10-03,Кеджистан,Эстус,24.69
6,2218-10-04,Кеджистан,Эстус,24.74
7,2218-10-05,Кеджистан,Эстус,24.74
8,2218-10-06,Кеджистан,Эстус,24.74
9,2218-10-07,Кеджистан,Эстус,24.75
10,2218-10-08,Кеджистан,Эстус,24.75
11,2218-10-09,Кеджистан,Эстус,24.75
12,2218-10-10,Кеджистан,Эстус,24.83
13,2218-10-11,Кеджистан,Эстус,24.83
14,2218-10-12,Кеджистан,Эстус,24.83
15,2218-10-13,Кеджистан,Эстус,24.94
16,2218-10-14,Кеджистан,Эстус,24.94
17,2218-10-15,Кеджистан,Эстус,24.94
18,2218-10-16,Кеджистан,Эстус,25.1
19,2218-10-17,Кеджистан,Эстус,25.1
20,2218-10-18,Кеджистан,Эстус,25.1
21,2218-10-19,Кеджистан,Эстус,25.3
22,2218-10-20,Кеджистан,Эстус,25.3
23,2218-10-21,Кеджистан,Эстус,25.3
24,2218-10-22,Кеджистан,Эстус,25.45
25,2218-10-23,Кеджистан,Эстус,25.45
26,2218-10-24,Кеджистан,Эстус,25.45
27,2218-10-25,Кеджистан,Эстус,25.53
28,2218-10-26,Кеджистан,Эстус,25.53
29,2218-10-27,Кеджистан,Эстус,25.53
30,2218-10-28,Кеджистан,Эстус,25.57
31,2218-10-29,Кеджистан,Эстус,25.57
32,2218-10-30,Кеджистан,Эстус,25.57
33,2218-10-31,Кеджистан,Эстус,25.62
34,2218-11-01,Кеджистан,Эстус,25.62
35,2218-11-02,Кеджистан,Эстус,25.62
36,2218-11-03,Кеджистан,Эстус,25.71
37,2218-11-04,Кеджистан,Эстус,25.71
38,2218-11-05,Кеджистан,Эстус,25.71
39,2218-11-06,Кеджистан,Эстус,25.83
40,2218-11-07,Кеджистан,Эстус,25.83
41,2218-11-08,Кеджистан,Эстус,25.83
42,2218-11-09,Кеджистан,Эстус,26.07
43,2218-11-10,Кеджистан,Эстус,26.07
44,2218-11-11,Кеджистан,Эстус,26.07
45,2218-11-12,Кеджистан,Эстус,26.22
46,2218-11-13,Кеджистан,Эстус,26.22
47,2218-11-14,Кеджистан,Эстус,26.22
48,2218-11-15,Кеджистан,Эстус,26.34
49,2218-11-16,Кеджистан,Эстус,26.34
50,2218-11-17,Кеджистан,Эстус,26.34
51,2218-11-18,Кеджистан,Эстус,26.35
52,2218-11-19,Кеджистан,Эстус,26.35
53,2218-11-20,Кеджистан,Эстус,26.35
54,2218-11-21,Кеджистан,Эстус,26.47
55,2218-11-22,Кеджистан,Эстус,26.47
56,2218-11-23,Кеджистан,Эстус,26.47
57,2218-11-24,Кеджистан,Эстус,26.53
58,2218-11-25,Кеджистан,Эстус,26.53
59,2218-11-26,Кеджистан,Эстус,26.53
60,2218-11-27,Кеджистан,Эстус,26.69
61,2218-11-28,Кеджистан,Эстус,26.69
62,2218-11-29,Кеджистан,Эстус,26.69
63,2218-11-30,Кеджистан,Эстус,26.81
64,2218-12-01,Кеджистан,Эстус,26.81
65,2218-12-02,Кеджистан,Эстус,26.81
66,2218-12-03,Кеджистан,Эстус,27.0
67,2218-12-04,Кеджистан,Эстус,27.0
68,2218-12-05,Кеджистан,Эстус,27.0
69,2218-12-06,Кеджистан,Эстус,27.07
70,2218-12-07,Кеджистан,Эстус,27.07
71,2218-12-08,Кеджистан,Эстус,27.07
72,2218-12-09,Кеджистан,Эстус,27.15
73,2218-12-10,Кеджистан,Эстус,27.15
74,2218-12-11,Кеджистан,Эстус,27.15
75,2218-12-12,Кеджистан,Эстус,27.3
76,2218-12-13,Кеджистан,Эстус,27.3
77,2218-12-14,Кеджистан,Эстус,27.3
78,2218-12-15,Кеджистан,Эстус,27.4
79,2218-12-16,Кеджистан,Эстус,27.4
80,2218-12-17,Кеджистан,Эстус,27.4
81,2218-12-18,Кеджистан,Эстус,27.57
82,2218-12-19,Кеджистан,Эстус,27.57
83,2218-12-20,Кеджистан,Эстус,27.57
84,2218-12-21,Кеджистан,Эстус,27.69
85,2218-12-22,Кеджистан,Эстус,27.69
86,2218-12-23,Кеджистан,Эстус,27.69
87,2218-12-24,Кеджистан,Эстус,27.81
88,2218-12-25,Кеджистан,Эстус,27.81
89,2218-12-26,Кеджистан,Эстус,27.81
90,2218-12-27,Кеджистан,Эстус,27.9
0,2218-09-28,Нокрон,Целебные травы,9.48
1,2218-09-29,Нокрон,Целебные травы,9.48
2,2218-09-30,Нокрон,Целебные травы,9.48
3,2218-10-01,Нокрон,Целебные травы,9.48
4,2218-10-02,Нокрон,Целебные травы,9.48
5,2218-10-03,Нокрон,Целебные травы,9.48
6,2218-10-04,Нокрон,Целебные травы,9.52
7,2218-10-05,Нокрон,Целебные травы,9.52
8,2218-10-06,Нокрон,Целебные травы,9.52
9,2218-10-07,Нокрон,Целебные травы,9.56
10,2218-10-08,Нокрон,Целебные травы,9.56
11,2218-10-09,Нокрон,Целебные травы,9.56
12,2218-10-10,Нокрон,Целебные травы,9.57
13,2218-10-11,Нокрон,Целебные травы,9.57
14,2218-10-12,Нокрон,Целебные травы,9.57
15,2218-10-13,Нокрон,Целебные травы,9.6
16,2218-10-14,Нокрон,Целебные травы,9.6
17,2218-10-15,Нокрон,Целебные травы,9.6
18,2218-10-16,Нокрон,Целебные травы,9.63
19,2218-10-17,Нокрон,Целебные травы,9.63
20,2218-10-18,Нокрон,Целебные травы,9.63
21,2218-10-19,Нокрон,Целебные травы,9.66
22,2218-10-20,Нокрон,Целебные травы,9.66
23,2218-10-21,Нокрон,Целебные травы,9.66
24,2218-10-22,Нокрон,Целебные травы,9.69
25,2218-10-23,Нокрон,Целебные травы,9.69
26,2218-10-24,Нокрон,Целебные травы,9.69
27,2218-10-25,Нокрон,Целебные травы,9.72
28,2218-10-26,Нокрон,Целебные травы,9.72
29,2218-10-27,Нокрон,Целебные травы,9.72
30,2218-10-28,Нокрон,Целебные травы,9.75
31,2218-10-29,Нокрон,Целебные травы,9.75
32,2218-10-30,Нокрон,Целебные травы,9.75
33,2218-10-31,Нокрон,Целебные травы,9.78
34,2218-11-01,Нокрон,Целебные травы,9.78
35,2218-11-02,Нокрон,Целебные травы,9.78
36,2218-11-03,Нокрон,Целебные травы,9.8
37,2218-11-04,Нокрон,Целебные травы,9.8
38,2218-11-05,Нокрон,Целебные травы,9.8
39,2218-11-06,Нокрон,Целебные травы,9.82
40,2218-11-07,Нокрон,Целебные травы,9.82
41,2218-11-08,Нокрон,Целебные травы,9.82
42,2218-11-09,Нокрон,Целебные травы,9.85
43,2218-11-10,Нокрон,Целебные травы,9.85
44,2218-11-11,Нокрон,Целебные травы,9.85
45,2218-11-12,Нокрон,Целебные травы,9.87
46,2218-11-13,Нокрон,Целебные травы,9.87
47,2218-11-14,Нокрон,Целебные травы,9.87
48,2218-11-15,Нокрон,Целебные травы,9.91
49,2218-11-16,Нокрон,Целебные травы,9.91
50,2218-11-17,Нокрон,Целебные травы,9.91
51,2218-11-18,Нокрон,Целебные травы,9.94
52,2218-11-19,Нокрон,Целебные травы,9.94
53,2218-11-20,Нокрон,Целебные травы,9.94
54,2218-11-21,Нокрон,Целебные травы,9.96
55,2218-11-22,Нокрон,Целебные травы,9.96
56,2218-11-23,Нокрон,Целебные травы,9.96
57,2218-11-24,Нокрон,Целебные травы,10.0
58,2218-11-25,Нокрон,Целебные травы,10.0
59,2218-11-26,Нокрон,Целебные травы,10.0
60,2218-11-27,Нокрон,Целебные травы,10.02
61,2218-11-28,Нокрон,Целебные травы,10.02
62,2218-11-29,Нокрон,Целебные травы,10.02
63,2218-11-30,Нокрон,Целебные травы,10.06
64,2218-12-01,Нокрон,Целебные травы,10.06
65,2218-12-02,Нокрон,Целебные травы,10.06
66,2218-12-03,Нокрон,Целебные травы,10.09
67,2218-12-04,Нокрон,Целебные травы,10.09
68,2218-12-05,Нокрон,Целебные травы,10.09
69,2218-12-06,Нокрон,Целебные травы,10.12
70,2218-12-07,Нокрон,Целебные травы,10.12
71,2218-12-08,Нокрон,Целебные травы,10.12
72,2218-12-09,Нокрон,Целебные травы,10.15
73,2218-12-10,Нокрон,Целебные травы,10.15
74,2218-12-11,Нокрон,Целебные травы,10.15
75,2218-12-12,Нокрон,Целебные травы,10.18
76,2218-12-13,Нокрон,Целебные травы,10.18
77,2218-12-14,Нокрон,Целебные травы,10.18
78,2218-12-15,Нокрон,Целебные травы,10.21
79,2218-12-16,Нокрон,Целебные травы,10.21
80,2218-12-17,Нокрон,Целебные травы,10.21
81,2218-12-18,Нокрон,Целебные травы,10.24
82,2218-12-19,Нокрон,Целебные травы,10.24
83,2218-12-20,Нокрон,Целебные травы,10.24
84,2218-12-21,Нокрон,Целебные травы,10.27
85,2218-12-22,Нокрон,Целебные травы,10.27
86,2218-12-23,Нокрон,Целебные травы,10.27
87,2218-12-24,Нокрон,Целебные травы,10.31
88,2218-12-25,Нокрон,Целебные травы,10.31
89,2218-12-26,Нокрон,Целебные травы,10.31
90,2218-12-27,Нокрон,Целебные травы,10.32
0,2218-09-28,Нокрон,Эльфийская пыльца,18.21
1,2218-09-29,Нокрон,Эльфийская пыльца,18.21
2,2218-09-30,Нокрон,Эльфийская пыльца,18.21
3,2218-10-01,Нокрон,Эльфийская пыльца,18.27
4,2218-10-02,Нокрон,Эльфийская пыльца,18.27
5,2218-10-03,Нокрон,Эльфийская пыльца,18.27
6,2218-10-04,Нокрон,Эльфийская пыльца,18.31
7,2218-10-05,Нокрон,Эльфийская пыльца,18.31
8,2218-10-06,Нокрон,Эльфийская пыльца,18.31
9,2218-10-07,Нокрон,Эльфийская пыльца,18.3
10,2218-10-08,Нокрон,Эльфийская пыльца,18.3
11,2218-10-09,Нокрон,Эльфийская пыльца,18.3
12,2218-10-10,Нокрон,Эльфийская пыльца,18.34
13,2218-10-11,Нокрон,Эльфийская пыльца,18.34
14,2218-10-12,Нокрон,Эльфийская пыльца,18.34
15,2218-10-13,Нокрон,Эльфийская пыльца,18.42
16,2218-10-14,Нокрон,Эльфийская пыльца,18.42
17,2218-10-15,Нокрон,Эльфийская пыльца,18.42
18,2218-10-16,Нокрон,Эльфийская пыльца,18.5
19,2218-10-17,Нокрон,Эльфийская пыльца,18.5
20,2218-10-18,Нокрон,Эльфийская пыльца,18.5
21,2218-10-19,Нокрон,Эльфийская пыльца,18.57
22,2218-10-20,Нокрон,Эльфийская пыльца,18.57
23,2218-10-21,Нокрон,Эльфийская пыльца,18.57
24,2218-10-22,Нокрон,Эльфийская пыльца,18.61
25,2218-10-23,Нокрон,Эльфийская пыльца,18.61
26,2218-10-24,Нокрон,Эльфийская пыльца,18.61
27,2218-10-25,Нокрон,Эльфийская пыльца,18.68
28,2218-10-26,Нокрон,Эльфийская пыльца,18.68
29,2218-10-27,Нокрон,Эльфийская пыльца,18.68
30,2218-10-28,Нокрон,Эльфийская пыльца,18.77
31,2218-10-29,Нокрон,Эльфийская пыльца,18.77
32,2218-10-30,Нокрон,Эльфийская пыльца,18.77
33,2218-10-31,Нокрон,Эльфийская пыльца,18.89
34,2218-11-01,Нокрон,Эльфийская пыльца,18.89
35,2218-11-02,Нокрон,Эльфийская пыльца,18.89
36,2218-11-03,Нокрон,Эльфийская пыльца,18.98
37,2218-11-04,Нокрон,Эльфийская пыльца,18.98
38,2218-11-05,Нокрон,Эльфийская пыльца,18.98
39,2218-11-06,Нокрон,Эльфийская пыльца,19.03
40,2218-11-07,Нокрон,Эльфийская пыльца,19.03
41,2218-11-08,Нокрон,Эльфийская пыльца,19.03
42,2218-11-09,Нокрон,Эльфийская пыльца,19.08
43,2218-11-10,Нокрон,Эльфийская пыльца,19.08
44,2218-11-11,Нокрон,Эльфийская пыльца,19.08
45,2218-11-12,Нокрон,Эльфийская пыльца,19.12
46,2218-11-13,Нокрон,Эльфийская пыльца,19.12
47,2218-11-14,Нокрон,Эльфийская пыльца,19.12
48,2218-11-15,Нокрон,Эльфийская пыльца,19.14
49,2218-11-16,Нокрон,Эльфийская пыльца,19.14
50,2218-11-17,Нокрон,Эльфийская пыльца,19.14
51,2218-11-18,Нокрон,Эльфийская пыльца,19.18
52,2218-11-19,Нокрон,Эльфийская пыльца,19.18
53,2218-11-20,Нокрон,Эльфийская пыльца,19.18
54,2218-11-21,Нокрон,Эльфийская пыльца,19.23
55,2218-11-22,Нокрон,Эльфийская пыльца,19.23
56,2218-11-23,Нокрон,Эльфийская пыльца,19.23
57,2218-11-24,Нокрон,Эльфийская пыльца,19.28
58,2218-11-25,Нокрон,Эльфийская пыльца,19.28
59,2218-11-26,Нокрон,Эльфийская пыльца,19.28
60,2218-11-27,Нокрон,Эльфийская пыльца,19.3
61,2218-11-28,Нокрон,Эльфийская пыльца,19.3
62,2218-11-29,Нокрон,Эльфийская пыльца,19.3
63,2218-11-30,Нокрон,Эльфийская пыльца,19.33
64,2218-12-01,Нокрон,Эльфийская пыльца,19.33
65,2218-12-02,Нокрон,Эльфийская пыльца,19.33
66,2218-12-03,Нокрон,Эльфийская пыльца,19.36
67,2218-12-04,Нокрон,Эльфийская пыльца,19.36
68,2218-12-05,Нокрон,Эльфийская пыльца,19.36
69,2218-12-06,Нокрон,Эльфийская пыльца,19.39
70,2218-12-07,Нокрон,Эльфийская пыльца,19.39
71,2218-12-08,Нокрон,Эльфийская пыльца,19.39
72,2218-12-09,Нокрон,Эльфийская пыльца,19.43
73,2218-12-10,Нокрон,Эльфийская пыльца,19.43
74,2218-12-11,Нокрон,Эльфийская пыльца,19.43
75,2218-12-12,Нокрон,Эльфийская пыльца,19.45
76,2218-12-13,Нокрон,Эльфийская пыльца,19.45
77,2218-12-14,Нокрон,Эльфийская пыльца,19.45
78,2218-12-15,Нокрон,Эльфийская пыльца,19.49
79,2218-12-16,Нокрон,Эльфийская пыльца,19.49
80,2218-12-17,Нокрон,Эльфийская пыльца,19.49
81,2218-12-18,Нокрон,Эльфийская пыльца,19.53
82,2218-12-19,Нокрон,Эльфийская пыльца,19.53
83,2218-12-20,Нокрон,Эльфийская пыльца,19.53
84,2218-12-21,Нокрон,Эльфийская пыльца,19.56
85,2218-12-22,Нокрон,Эльфийская пыльца,19.56
86,2218-12-23,Нокрон,Эльфийская пыльца,19.56
87,2218-12-24,Нокрон,Эльфийская пыльца,19.59
88,2218-12-25,Нокрон,Эльфийская пыльца,19.59
89,2218-12-26,Нокрон,Эльфийская пыльца,19.59
90,2218-12-27,Нокрон,Эльфийская пыльца,19.63
0,2218-09-28,Нокрон,Эстус,9.99
1,2218-09-29,Нокрон,Эстус,9.99
2,2218-09-30,Нокрон,Эстус,9.99
3,2218-10-01,Нокрон,Эстус,10.0
4,2218-10-02,Нокрон,Эстус,10.0
5,2218-10-03,Нокрон,Эстус,10.0
6,2218-10-04,Нокрон,Эстус,10.0
7,2218-10-05,Нокрон,Эстус,10.0
8,2218-10-06,Нокрон,Эстус,10.0
9,2218-10-07,Нокрон,Эстус,10.06
10,2218-10-08,Нокрон,Эстус,10.06
11,2218-10-09,Нокрон,Эстус,10.06
12,2218-10-10,Нокрон,Эстус,10.15
13,2218-10-11,Нокрон,Эстус,10.15
14,2218-10-12,Нокрон,Эстус,10.15
15,2218-10-13,Нокрон,Эстус,10.16
16,2218-10-14,Нокрон,Эстус,10.16
17,2218-10-15,Нокрон,Эстус,10.16
18,2218-10-16,Нокрон,Эстус,10.18
19,2218-10-17,Нокрон,Эстус,10.18
20,2218-10-18,Нокрон,Эстус,10.18
21,2218-10-19,Нокрон,Эстус,10.19
22,2218-10-20,Нокрон,Эстус,10.19
23,2218-10-21,Нокрон,Эстус,10.19
24,2218-10-22,Нокрон,Эстус,10.22
25,2218-10-23,Нокрон,Эстус,10.22
26,2218-10-24,Нокрон,Эстус,10.22
27,2218-10-25,Нокрон,Эстус,10.29
28,2218-10-26,Нокрон,Эстус,10.29
29,2218-10-27,Нокрон,Эстус,10.29
30,2218-10-28,Нокрон,Эстус,10.35
31,2218-10-29,Нокрон,Эстус,10.35
32,2218-10-30,Нокрон,Эстус,10.35
33,2218-10-31,Нокрон,Эстус,10.37
34,2218-11-01,Нокрон,Эстус,10.37
35,2218-11-02,Нокрон,Эстус,10.37
36,2218-11-03,Нокрон,Эстус,10.4
37,2218-11-04,Нокрон,Эстус,10.4
38,2218-11-05,Нокрон,Эстус,10.4
39,2218-11-06,Нокрон,Эстус,10.42
40,2218-11-07,Нокрон,Эстус,10.42
41,2218-11-08,Нокрон,Эстус,10.42
42,2218-11-09,Нокрон,Эстус,10.44
43,2218-11-10,Нокрон,Эстус,10.44
44,2218-11-11,Нокрон,Эстус,10.44
45,2218-11-12,Нокрон,Эстус,10.47
46,2218-11-13,Нокрон,Эстус,10.47
47,2218-11-14,Нокрон,Эстус,10.47
48,2218-11-15,Нокрон,Эстус,10.54
49,2218-11-16,Нокрон,Эстус,10.54
50,2218-11-17,Нокрон,Эстус,10.54
51,2218-11-18,Нокрон,Эстус,10.58
52,2218-11-19,Нокрон,Эстус,10.58
53,2218-11-20,Нокрон,Эстус,10.58
54,2218-11-21,Нокрон,Эстус,10.61
55,2218-11-22,Нокрон,Эстус,10.61
56,2218-11-23,Нокрон,Эстус,10.61
57,2218-11-24,Нокрон,Эстус,10.63
58,2218-11-25,Нокрон,Эстус,10.63
59,2218-11-26,Нокрон,Эстус,10.63
60,2218-11-27,Нокрон,Эстус,10.63
61,2218-11-28,Нокрон,Эстус,10.63
62,2218-11-29,Нокрон,Эстус,10.63
63,2218-11-30,Нокрон,Эстус,10.69
64,2218-12-01,Нокрон,Эстус,10.69
65,2218-12-02,Нокрон,Эстус,10.69
66,2218-12-03,Нокрон,Эстус,10.78
67,2218-12-04,Нокрон,Эстус,10.78
68,2218-12-05,Нокрон,Эстус,10.78
69,2218-12-06,Нокрон,Эстус,10.8
70,2218-12-07,Нокрон,Эстус,10.8
71,2218-12-08,Нокрон,Эстус,10.8
72,2218-12-09,Нокрон,Эстус,10.82
73,2218-12-10,Нокрон,Эстус,10.82
74,2218-12-11,Нокрон,Эстус,10.82
75,2218-12-12,Нокрон,Эстус,10.85
76,2218-12-13,Нокрон,Эстус,10.85
77,2218-12-14,Нокрон,Эстус,10.85
78,2218-12-15,Нокрон,Эстус,10.88
79,2218-12-16,Нокрон,Эстус,10.88
80,2218-12-17,Нокрон,Эстус,10.88
81,2218-12-18,Нокрон,Эстус,10.93
82,2218-12-19,Нокрон,Эстус,10.93
83,2218-12-20,Нокрон,Эстус,10.93
84,2218-12-21,Нокрон,Эстус,10.98
85,2218-12-22,Нокрон,Эстус,10.98
86,2218-12-23,Нокрон,Эстус,10.98
87,2218-12-24,Нокрон,Эстус,11.03
88,2218-12-25,Нокрон,Эстус,11.03
89,2218-12-26,Нокрон,Эстус,11.03
90,2218-12-27,Нокрон,Эстус,11.05
0,2218-09-28,Фалькония,Целебные травы,11.02
1,2218-09-29,Фалькония,Целебные травы,11.02
2,2218-09-30,Фалькония,Целебные травы,11.02
3,2218-10-01,Фалькония,Целебные травы,11.06
4,2218-10-02,Фалькония,Целебные травы,11.06
5,2218-10-03,Фалькония,Целебные травы,11.06
6,2218-10-04,Фалькония,Целебные травы,11.05
7,2218-10-05,Фалькония,Целебные травы,11.05
8,2218-10-06,Фалькония,Целебные травы,11.05
9,2218-10-07,Фалькония,Целебные травы,11.07
10,2218-10-08,Фалькония,Целебные травы,11.07
11,2218-10-09,Фалькония,Целебные травы,11.07
12,2218-10-10,Фалькония,Целебные травы,11.09
13,2218-10-11,Фалькония,Целебные травы,11.09
14,2218-10-12,Фалькония,Целебные травы,11.09
15,2218-10-13,Фалькония,Целебные травы,11.11
16,2218-10-14,Фалькония,Целебные травы,11.11
17,2218-10-15,Фалькония,Целебные травы,11.11
18,2218-10-16,Фалькония,Целебные травы,11.12
19,2218-10-17,Фалькония,Целебные травы,11.12
20,2218-10-18,Фалькония,Целебные травы,11.12
21,2218-10-19,Фалькония,Целебные травы,11.15
22,2218-10-20,Фалькония,Целебные травы,11.15
23,2218-10-21,Фалькония,Целебные травы,11.15
24,2218-10-22,Фалькония,Целебные травы,11.17
25,2218-10-23,Фалькония,Целебные травы,11.17
26,2218-10-24,Фалькония,Целебные травы,11.17
27,2218-10-25,Фалькония,Целебные травы,11.18
28,2218-10-26,Фалькония,Целебные травы,11.18
29,2218-10-27,Фалькония,Целебные травы,11.18
30,2218-10-28,Фалькония,Целебные травы,11.2
31,2218-10-29,Фалькония,Целебные травы,11.2
32,2218-10-30,Фалькония,Целебные травы,11.2
33,2218-10-31,Фалькония,Целебные травы,11.23
34,2218-11-01,Фалькония,Целебные травы,11.23
35,2218-11-02,Фалькония,Целебные травы,11.23
36,2218-11-03,Фалькония,Целебные травы,11.26
37,2218-11-04,Фалькония,Целебные травы,11.26
38,2218-11-05,Фалькония,Целебные травы,11.26
39,2218-11-06,Фалькония,Целебные травы,11.26
40,2218-11-07,Фалькония,Целебные травы,11.26
41,2218-11-08,Фалькония,Целебные травы,11.26
42,2218-11-09,Фалькония,Целебные травы,11.29
43,2218-11-10,Фалькония,Целебные травы,11.29
44,2218-11-11,Фалькония,Целебные травы,11.29
45,2218-11-12,Фалькония,Целебные травы,11.3
46,2218-11-13,Фалькония,Целебные травы,11.3
47,2218-11-14,Фалькония,Целебные травы,11.3
48,2218-11-15,Фалькония,Целебные травы,11.32
49,2218-11-16,Фалькония,Целебные травы,11.32
50,2218-11-17,Фалькония,Целебные травы,11.32
51,2218-11-18,Фалькония,Целебные травы,11.34
52,2218-11-19,Фалькония,Целебные травы,11.34
53,2218-11-20,Фалькония,Целебные травы,11.34
54,2218-11-21,Фалькония,Целебные травы,11.35
55,2218-11-22,Фалькония,Целебные травы,11.35
56,2218-11-23,Фалькония,Целебные травы,11.35
57,2218-11-24,Фалькония,Целебные травы,11.38
58,2218-11-25,Фалькония,Целебные травы,11.38
59,2218-11-26,Фалькония,Целебные травы,11.38
60,2218-11-27,Фалькония,Целебные травы,11.4
61,2218-11-28,Фалькония,Целебные травы,11.4
62,2218-11-29,Фалькония,Целебные травы,11.4
63,2218-11-30,Фалькония,Целебные травы,11.41
64,2218-12-01,Фалькония,Целебные травы,11.41
65,2218-12-02,Фалькония,Целебные травы,11.41
66,2218-12-03,Фалькония,Целебные травы,11.43
67,2218-12-04,Фалькония,Целебные травы,11.43
68,2218-12-05,Фалькония,Целебные травы,11.43
69,2218-12-06,Фалькония,Целебные травы,11.45
70,2218-12-07,Фалькония,Целебные травы,11.45
71,2218-12-08,Фалькония,Целебные травы,11.45
72,2218-12-09,Фалькония,Целебные травы,11.48
73,2218-12-10,Фалькония,Целебные травы,11.48
74,2218-12-11,Фалькония,Целебные травы,11.48
75,2218-12-12,Фалькония,Целебные травы,11.49
76,2218-12-13,Фалькония,Целебные травы,11.49
77,2218-12-14,Фалькония,Целебные травы,11.49
78,2218-12-15,Фалькония,Целебные травы,11.51
79,2218-12-16,Фалькония,Целебные травы,11.51
80,2218-12-17,Фалькония,Целебные травы,11.51
81,2218-12-18,Фалькония,Целебные травы,11.54
82,2218-12-19,Фалькония,Целебные травы,11.54
83,2218-12-20,Фалькония,Целебные травы,11.54
84,2218-12-21,Фалькония,Целебные травы,11.56
85,2218-12-22,Фалькония,Целебные травы,11.56
86,2218-12-23,Фалькония,Целебные травы,11.56
87,2218-12-24,Фалькония,Целебные травы,11.57
88,2218-12-25,Фалькония,Целебные травы,11.57
89,2218-12-26,Фалькония,Целебные травы,11.57
90,2218-12-27,Фалькония,Целебные травы,11.58
0,2218-09-28,Фалькония,Эльфийская пыльца,15.29
1,2218-09-29,Фалькония,Эльфийская пыльца,15.29
2,2218-09-30,Фалькония,Эльфийская пыльца,15.29
3,2218-10-01,Фалькония,Эльфийская пыльца,15.31
4,2218-10-02,Фалькония,Эльфийская пыльца,15.31
5,2218-10-03,Фалькония,Эльфийская пыльца,15.31
6,2218-10-04,Фалькония,Эльфийская пыльца,15.33
7,2218-10-05,Фалькония,Эльфийская пыльца,15.33
8,2218-10-06,Фалькония,Эльфийская пыльца,15.33
9,2218-10-07,Фалькония,Эльфийская пыльца,15.31
10,2218-10-08,Фалькония,Эльфийская пыльца,15.31
11,2218-10-09,Фалькония,Эльфийская пыльца,15.31
12,2218-10-10,Фалькония,Эльфийская пыльца,15.32
13,2218-10-11,Фалькония,Эльфийская пыльца,15.32
14,2218-10-12,Фалькония,Эльфийская пыльца,15.32
15,2218-10-13,Фалькония,Эльфийская пыльца,15.34
16,2218-10-14,Фалькония,Эльфийская пыльца,15.34
17,2218-10-15,Фалькония,Эльфийская пыльца,15.34
18,2218-10-16,Фалькония,Эльфийская пыльца,15.35
19,2218-10-17,Фалькония,Эльфийская пыльца,15.35
20,2218-10-18,Фалькония,Эльфийская пыльца,15.35
21,2218-10-19,Фалькония,Эльфийская пыльца,15.35
22,2218-10-20,Фалькония,Эльфийская пыльца,15.35
23,2218-10-21,Фалькония,Эльфийская пыльца,15.35
24,2218-10-22,Фалькония,Эльфийская пыльца,15.36
25,2218-10-23,Фалькония,Эльфийская пыльца,15.36
26,2218-10-24,Фалькония,Эльфийская пыльца,15.36
27,2218-10-25,Фалькония,Эльфийская пыльца,15.35
28,2218-10-26,Фалькония,Эльфийская пыльца,15.35
29,2218-10-27,Фалькония,Эльфийская пыльца,15.35
30,2218-10-28,Фалькония,Эльфийская пыльца,15.36
31,2218-10-29,Фалькония,Эльфийская пыльца,15.36
32,2218-10-30,Фалькония,Эльфийская пыльца,15.36
33,2218-10-31,Фалькония,Эльфийская пыльца,15.38
34,2218-11-01,Фалькония,Эльфийская пыльца,15.38
35,2218-11-02,Фалькония,Эльфийская пыльца,15.38
36,2218-11-03,Фалькония,Эльфийская пыльца,15.37
37,2218-11-04,Фалькония,Эльфийская пыльца,15.37
38,2218-11-05,Фалькония,Эльфийская пыльца,15.37
39,2218-11-06,Фалькония,Эльфийская пыльца,15.35
40,2218-11-07,Фалькония,Эльфийская пыльца,15.35
41,2218-11-08,Фалькония,Эльфийская пыльца,15.35
42,2218-11-09,Фалькония,Эльфийская пыльца,15.38
43,2218-11-10,Фалькония,Эльфийская пыльца,15.38
44,2218-11-11,Фалькония,Эльфийская пыльца,15.38
45,2218-11-12,Фалькония,Эльфийская пыльца,15.4
46,2218-11-13,Фалькония,Эльфийская пыльца,15.4
47,2218-11-14,Фалькония,Эльфийская пыльца,15.4
48,2218-11-15,Фалькония,Эльфийская пыльца,15.4
49,2218-11-16,Фалькония,Эльфийская пыльца,15.4
50,2218-11-17,Фалькония,Эльфийская пыльца,15.4
51,2218-11-18,Фалькония,Эльфийская пыльца,15.4
52,2218-11-19,Фалькония,Эльфийская пыльца,15.4
53,2218-11-20,Фалькония,Эльфийская пыльца,15.4
54,2218-11-21,Фалькония,Эльфийская пыльца,15.42
55,2218-11-22,Фалькония,Эльфийская пыльца,15.42
56,2218-11-23,Фалькония,Эльфийская пыльца,15.42
57,2218-11-24,Фалькония,Эльфийская пыльца,15.43
58,2218-11-25,Фалькония,Эльфийская пыльца,15.43
59,2218-11-26,Фалькония,Эльфийская пыльца,15.43
60,2218-11-27,Фалькония,Эльфийская пыльца,15.42
61,2218-11-28,Фалькония,Эльфийская пыльца,15.42
62,2218-11-29,Фалькония,Эльфийская пыльца,15.42
63,2218-11-30,Фалькония,Эльфийская пыльца,15.41
64,2218-12-01,Фалькония,Эльфийская пыльца,15.41
65,2218-12-02,Фалькония,Эльфийская пыльца,15.41
66,2218-12-03,Фалькония,Эльфийская пыльца,15.41
67,2218-12-04,Фалькония,Эльфийская пыльца,15.41
68,2218-12-05,Фалькония,Эльфийская пыльца,15.41
69,2218-12-06,Фалькония,Эльфийская пыльца,15.41
70,2218-12-07,Фалькония,Эльфийская пыльца,15.41
71,2218-12-08,Фалькония,Эльфийская пыльца,15.41
72,2218-12-09,Фалькония,Эльфийская пыльца,15.43
73,2218-12-10,Фалькония,Эльфийская пыльца,15.43
74,2218-12-11,Фалькония,Эльфийская пыльца,15.43
75,2218-12-12,Фалькония,Эльфийская пыльца,15.45
76,2218-12-13,Фалькония,Эльфийская пыльца,15.45
77,2218-12-14,Фалькония,Эльфийская пыльца,15.45
78,2218-12-15,Фалькония,Эльфийская пыльца,15.43
79,2218-12-16,Фалькония,Эльфийская пыльца,15.43
80,2218-12-17,Фалькония,Эльфийская пыльца,15.43
81,2218-12-18,Фалькония,Эльфийская пыльца,15.43
82,2218-12-19,Фалькония,Эльфийская пыльца,15.43
83,2218-12-20,Фалькония,Эльфийская пыльца,15.43
84,2218-12-21,Фалькония,Эльфийская пыльца,15.44
85,2218-12-22,Фалькония,Эльфийская пыльца,15.44
86,2218-12-23,Фалькония,Эльфийская пыльца,15.44
87,2218-12-24,Фалькония,Эльфийская пыльца,15.45
88,2218-12-25,Фалькония,Эльфийская пыльца,15.45
89,2218-12-26,Фалькония,Эльфийская пыльца,15.45
90,2218-12-27,Фалькония,Эльфийская пыльца,15.45
0,2218-09-28,Фалькония,Эстус,9.34
1,2218-09-29,Фалькония,Эстус,9.34
2,2218-09-30,Фалькония,Эстус,9.34
3,2218-10-01,Фалькония,Эстус,9.38
4,2218-10-02,Фалькония,Эстус,9.38
5,2218-10-03,Фалькония,Эстус,9.38
6,2218-10-04,Фалькония,Эстус,9.43
7,2218-10-05,Фалькония,Эстус,9.43
8,2218-10-06,Фалькония,Эстус,9.43
9,2218-10-07,Фалькония,Эстус,9.48
10,2218-10-08,Фалькония,Эстус,9.48
11,2218-10-09,Фалькония,Эстус,9.48
12,2218-10-10,Фалькония,Эстус,9.53
13,2218-10-11,Фалькония,Эстус,9.53
14,2218-10-12,Фалькония,Эстус,9.53
15,2218-10-13,Фалькония,Эстус,9.61
16,2218-10-14,Фалькония,Эстус,9.61
17,2218-10-15,Фалькония,Эстус,9.61
18,2218-10-16,Фалькония,Эстус,9.64
19,2218-10-17,Фалькония,Эстус,9.64
20,2218-10-18,Фалькония,Эстус,9.64
21,2218-10-19,Фалькония,Эстус,9.72
22,2218-10-20,Фалькония,Эстус,9.72
23,2218-10-21,Фалькония,Эстус,9.72
24,2218-10-22,Фалькония,Эстус,9.81
25,2218-10-23,Фалькония,Эстус,9.81
26,2218-10-24,Фалькония,Эстус,9.81
27,2218-10-25,Фалькония,Эстус,9.86
28,2218-10-26,Фалькония,Эстус,9.86
29,2218-10-27,Фалькония,Эстус,9.86
30,2218-10-28,Фалькония,Эстус,9.96
31,2218-10-29,Фалькония,Эстус,9.96
32,2218-10-30,Фалькония,Эстус,9.96
33,2218-10-31,Фалькония,Эстус,10.0
34,2218-11-01,Фалькония,Эстус,10.0
35,2218-11-02,Фалькония,Эстус,10.0
36,2218-11-03,Фалькония,Эстус,10.01
37,2218-11-04,Фалькония,Эстус,10.01
38,2218-11-05,Фалькония,Эстус,10.01
39,2218-11-06,Фалькония,Эстус,10.07
40,2218-11-07,Фалькония,Эстус,10.07
41,2218-11-08,Фалькония,Эстус,10.07
42,2218-11-09,Фалькония,Эстус,10.1
43,2218-11-10,Фалькония,Эстус,10.1
44,2218-11-11,Фалькония,Эстус,10.1
45,2218-11-12,Фалькония,Эстус,10.24
46,2218-11-13,Фалькония,Эстус,10.24
47,2218-11-14,Фалькония,Эстус,10.24
48,2218-11-15,Фалькония,Эстус,10.37
49,2218-11-16,Фалькония,Эстус,10.37
50,2218-11-17,Фалькония,Эстус,10.37
51,2218-11-18,Фалькония,Эстус,10.55
52,2218-11-19,Фалькония,Эстус,10.55
53,2218-11-20,Фалькония,Эстус,10.55
54,2218-11-21,Фалькония,Эстус,10.75
55,2218-11-22,Фалькония,Эстус,10.75
56,2218-11-23,Фалькония,Эстус,10.75
57,2218-11-24,Фалькония,Эстус,10.84
58,2218-11-25,Фалькония,Эстус,10.84
59,2218-11-26,Фалькония,Эстус,10.84
60,2218-11-27,Фалькония,Эстус,10.88
61,2218-11-28,Фалькония,Эстус,10.88
62,2218-11-29,Фалькония,Эстус,10.88
63,2218-11-30,Фалькония,Эстус,10.93
64,2218-12-01,Фалькония,Эстус,10.93
65,2218-12-02,Фалькония,Эстус,10.93
66,2218-12-03,Фалькония,Эстус,10.95
67,2218-12-04,Фалькония,Эстус,10.95
68,2218-12-05,Фалькония,Эстус,10.95
69,2218-12-06,Фалькония,Эстус,11.0
70,2218-12-07,Фалькония,Эстус,11.0
71,2218-12-08,Фалькония,Эстус,11.0
72,2218-12-09,Фалькония,Эстус,11.01
73,2218-12-10,Фалькония,Эстус,11.01
74,2218-12-11,Фалькония,Эстус,11.01
75,2218-12-12,Фалькония,Эстус,11.05
76,2218-12-13,Фалькония,Эстус,11.05
77,2218-12-14,Фалькония,Эстус,11.05
78,2218-12-15,Фалькония,Эстус,11.11
79,2218-12-16,Фалькония,Эстус,11.11
80,2218-12-17,Фалькония,Эстус,11.11
81,2218-12-18,Фалькония,Эстус,11.18
82,2218-12-19,Фалькония,Эстус,11.18
83,2218-12-20,Фалькония,Эстус,11.18
84,2218-12-21,Фалькония,Эстус,11.24
85,2218-12-22,Фалькония,Эстус,11.24
86,2218-12-23,Фалькония,Эстус,11.24
87,2218-12-24,Фалькония,Эстус,11.28
88,2218-12-25,Фалькония,Эстус,11.28
89,2218-12-26,Фалькония,Эстус,11.28
90,2218-12-27,Фалькония,Эстус,11.33
